trial,prob,p,P,S,alpha,lambda
0,0,0.1,70,0,2,0.5
1,0.049999997159562604,0.1,70,0,2,0.5
2,0.09749998788287761,0.1,70,0,2,0.5
3,0.14262496100356103,0.1,70,0,2,0.5
4,0.18549364116650058,0.1,70,0,2,0.5
5,0.2262187887630931,0.1,70,0,2,0.5
6,0.2649074772831921,0.1,70,0,2,0.5
7,0.30166134716725157,0.1,70,0,2,0.5
8,0.33657683545896133,0.1,70,0,2,0.5
9,0.3697453808821203,0.1,70,0,2,0.5
10,0.4012536043710625,0.1,70,0,2,0.5
11,0.4311834656426703,0.1,70,0,2,0.5
12,0.4596123973384564,0.1,70,0,2,0.5
13,0.4866134200261588,0.1,70,0,2,0.5
14,0.5122552445833586,0.1,70,0,2,0.5
15,0.5366023738997712,0.1,70,0,2,0.5
16,0.559715223719271,0.1,70,0,2,0.5
17,0.581650291816997,0.1,70,0,2,0.5
18,0.6024604124725823,0.1,70,0,2,0.5
19,0.6221951341749092,0.1,70,0,2,0.5
20,0.6409012471266611,0.1,70,0,2,0.5
21,0.658623460642183,0.1,70,0,2,0.5
22,0.6754051919264774,0.1,70,0,2,0.5
23,0.6912893863820644,0.1,70,0,2,0.5
24,0.7063192587046019,0.1,70,0,2,0.5
25,0.7205388355896922,0.1,70,0,2,0.5
26,0.7339932006928138,0.1,70,0,2,0.5
27,0.746728387616864,0.1,70,0,2,0.5
28,0.7587909263745424,0.1,70,0,2,0.5
29,0.7702271081853207,0.1,70,0,2,0.5
30,0.781082078668191,0.1,70,0,2,0.5
31,0.7913988913863251,0.1,70,0,2,0.5
32,0.8012176499359729,0.1,70,0,2,0.5
33,0.8105748412988324,0.1,70,0,2,0.5
34,0.8195029241161567,0.1,70,0,2,0.5
35,0.8280301924017851,0.1,70,0,2,0.5
36,0.8361808964000308,0.1,70,0,2,0.5
37,0.843975573536059,0.1,70,0,2,0.5
38,0.8514315262033951,0.1,70,0,2,0.5
39,0.8585633791092034,0.1,70,0,2,0.5
40,0.8653836546648446,0.1,70,0,2,0.5
41,0.8719033170915966,0.1,70,0,2,0.5
42,0.8781322510501044,0.1,70,0,2,0.5
43,0.8840796557832733,0.1,70,0,2,0.5
44,0.8897543489375921,0.1,70,0,2,0.5
45,0.8951649842702027,0.1,70,0,2,0.5
46,0.9003201940288356,0.1,70,0,2,0.5
47,0.9052286701620407,0.1,70,0,2,0.5
48,0.9098991992804869,0.1,70,0,2,0.5
49,0.9143406651941319,0.1,70,0,2,0.5
50,0.9185620306353443,0.1,70,0,2,0.5
51,0.9225723070819843,0.1,70,0,2,0.5
52,0.9263805189042585,0.1,70,0,2,0.5
53,0.9299956657017474,0.1,70,0,2,0.5
54,0.9334266848523451,0.1,70,0,2,0.5
55,0.9366824150224257,0.1,70,0,2,0.5
56,0.9397715606574356,0.1,70,0,2,0.5
57,0.942702657195731,0.1,70,0,2,0.5
58,0.9454840368059375,0.1,70,0,2,0.5
59,0.9481237947108042,0.1,70,0,2,0.5
60,0.9506297565082977,0.1,70,0,2,0.5
61,0.9530094472337987,0.1,70,0,2,0.5
62,0.9552700631532056,0.1,70,0,2,0.5
63,0.9574184473926735,0.1,70,0,2,0.5
64,0.9594610704820161,0.1,70,0,2,0.5
65,0.9614040167249212,0.1,70,0,2,0.5
66,0.9632529770373865,0.1,70,0,2,0.5
67,0.9650132485544283,0.1,70,0,2,0.5
68,0.9666897409364219,0.1,70,0,2,0.5
69,0.9682869889507119,0.1,70,0,2,0.5
70,0.9698091705950802,0.1,70,0,2,0.5
71,0.9712601297915392,0.1,70,0,2,0.5
72,0.972643402525246,0.1,70,0,2,0.5
73,0.9739622452372751,0.1,70,0,2,0.5
74,0.9752196642957847,0.1,70,0,2,0.5
75,0.9764184454552971,0.1,70,0,2,0.5
76,0.9775611823517771,0.1,70,0,2,0.5
77,0.978650303253596,0.1,70,0,2,0.5
78,0.9796880954774884,0.1,70,0,2,0.5
79,0.9806767270684557,0.1,70,0,2,0.5
80,0.981618265520642,0.1,70,0,2,0.5
81,0.9825146934734799,0.1,70,0,2,0.5
82,0.9833679214484946,0.1,70,0,2,0.5
83,0.9841797977948752,0.1,70,0,2,0.5
84,0.9849521160867024,0.1,70,0,2,0.5
85,0.9856866202639034,0.1,70,0,2,0.5
86,0.9863850078360515,0.1,70,0,2,0.5
87,0.9870489314770748,0.1,70,0,2,0.5
88,0.987679999333819,0.1,70,0,2,0.5
89,0.9882797743559223,0.1,70,0,2,0.5
90,0.9888497729317648,0.1,70,0,2,0.5
91,0.9893914630878814,0.1,70,0,2,0.5
92,0.9899062624790896,0.1,70,0,2,0.5
93,0.9903955363650824,0.1,70,0,2,0.5
94,0.9908605957373583,0.1,70,0,2,0.5
95,0.9913026957288064,0.1,70,0,2,0.5
96,0.9917230344075599,0.1,70,0,2,0.5
97,0.9921227520273337,0.1,70,0,2,0.5
98,0.9925029307787596,0.1,70,0,2,0.5
99,0.9928645950606556,0.1,70,0,2,0.5
100,0.9932087122670809,0.1,70,0,2,0.5
0,0,0.2,70,0,2,0.5
1,0.09999980043765555,0.2,70,0,2,0.5
2,0.1899985739754132,0.2,70,0,2,0.5
3,0.27099324577719175,0.2,70,0,2,0.5
4,0.34387612642624077,0.2,70,0,2,0.5
5,0.4094428298840149,0.2,70,0,2,0.5
6,0.4684003919066233,0.2,70,0,2,0.5
7,0.5213755912670504,0.2,70,0,2,0.5
8,0.5689235699844053,0.2,70,0,2,0.5
9,0.611538869608078,0.2,70,0,2,0.5
10,0.6496709650804511,0.2,70,0,2,0.5
11,0.6837421813721619,0.2,70,0,2,0.5
12,0.7141620255791921,0.2,70,0,2,0.5
13,0.7413325939328017,0.2,70,0,2,0.5
14,0.765644014822761,0.2,70,0,2,0.5
15,0.7874633098828464,0.2,70,0,2,0.5
16,0.8071220047126769,0.2,70,0,2,0.5
17,0.824907037392552,0.2,70,0,2,0.5
18,0.8410572493539683,0.2,70,0,2,0.5
19,0.8557654404974974,0.2,70,0,2,0.5
20,0.8691844826317252,0.2,70,0,2,0.5
21,0.8814354803923042,0.2,70,0,2,0.5
22,0.8926161896551874,0.2,70,0,2,0.5
23,0.9028084715592216,0.2,70,0,2,0.5
24,0.9120841685807861,0.2,70,0,2,0.5
25,0.9205092675218828,0.2,70,0,2,0.5
26,0.9281465127542579,0.2,70,0,2,0.5
27,0.935056774013158,0.2,70,0,2,0.5
28,0.9412995062059768,0.2,70,0,2,0.5
29,0.946932612285362,0.2,70,0,2,0.5
30,0.9520119685706848,0.2,70,0,2,0.5
31,0.9565908144217921,0.2,70,0,2,0.5
32,0.9607191535538433,0.2,70,0,2,0.5
33,0.9644432654341243,0.2,70,0,2,0.5
34,0.9678053828896825,0.2,70,0,2,0.5
35,0.9708435567385976,0.2,70,0,2,0.5
36,0.9735917005296141,0.2,70,0,2,0.5
37,0.9760797888070424,0.2,70,0,2,0.5
38,0.9783341706876478,0.2,70,0,2,0.5
39,0.9803779562323065,0.2,70,0,2,0.5
40,0.982231434775443,0.2,70,0,2,0.5
41,0.9839124903058826,0.2,70,0,2,0.5
42,0.9854369873510961,0.2,70,0,2,0.5
43,0.9868191099588426,0.2,70,0,2,0.5
44,0.9880716450067333,0.2,70,0,2,0.5
45,0.9892062083402108,0.2,70,0,2,0.5
46,0.9902334176972296,0.2,70,0,2,0.5
47,0.9911630199246765,0.2,70,0,2,0.5
48,0.9920039817808199,0.2,70,0,2,0.5
49,0.9927645539589947,0.2,70,0,2,0.5
50,0.9934523172405721,0.2,70,0,2,0.5
51,0.9940742182760655,0.2,70,0,2,0.5
52,0.9946366007488118,0.2,70,0,2,0.5
53,0.9951452358775518,0.2,70,0,2,0.5
54,0.9956053545675012,0.2,70,0,2,0.5
55,0.9960216821534575,0.2,70,0,2,0.5
56,0.9963984756549035,0.2,70,0,2,0.5
57,0.9967395627892379,0.2,70,0,2,0.5
58,0.9970483816329574,0.2,70,0,2,0.5
59,0.997328019724852,0.2,70,0,2,0.5
60,0.9975812515016702,0.2,70,0,2,0.5
61,0.9978105731759893,0.2,70,0,2,0.5
62,0.9980182344459013,0.2,70,0,2,0.5
63,0.9982062667159476,0.2,70,0,2,0.5
64,0.9983765077716623,0.2,70,0,2,0.5
65,0.9985306230631134,0.2,70,0,2,0.5
66,0.9986701239052477,0.2,70,0,2,0.5
67,0.9987963829938591,0.2,70,0,2,0.5
68,0.9989106476719145,0.2,70,0,2,0.5
69,0.9990140513724304,0.2,70,0,2,0.5
70,0.9991076236236508,0.2,70,0,2,0.5
71,0.9991922989424383,0.2,70,0,2,0.5
72,0.9992689248736829,0.2,70,0,2,0.5
73,0.9993382693660294,0.2,70,0,2,0.5
74,0.9994010276136869,0.2,70,0,2,0.5
75,0.9994578284443001,0.2,70,0,2,0.5
76,0.9995092402954796,0.2,70,0,2,0.5
77,0.9995557767974277,0.2,70,0,2,0.5
78,0.9995979019648138,0.2,70,0,2,0.5
79,0.999636034995514,0.2,70,0,2,0.5
80,0.9996705546746464,0.2,70,0,2,0.5
81,0.9997018033871424,0.2,70,0,2,0.5
82,0.9997300907488312,0.2,70,0,2,0.5
83,0.9997556968730336,0.2,70,0,2,0.5
84,0.9997788752957995,0.2,70,0,2,0.5
85,0.9997998555874855,0.2,70,0,2,0.5
86,0.9998188456810457,0.2,70,0,2,0.5
87,0.9998360339482288,0.2,70,0,2,0.5
88,0.9998515910540726,0.2,70,0,2,0.5
89,0.9998656716180288,0.2,70,0,2,0.5
90,0.999878415707148,0.2,70,0,2,0.5
91,0.9998899501834223,0.2,70,0,2,0.5
92,0.9999003899239541,0.2,70,0,2,0.5
93,0.9999098389293789,0.2,70,0,2,0.5
94,0.9999183913330945,0.2,70,0,2,0.5
95,0.99992613232144,0.2,70,0,2,0.5
96,0.9999331389730661,0.2,70,0,2,0.5
97,0.9999394810243051,0.2,70,0,2,0.5
98,0.9999452215663405,0.2,70,0,2,0.5
99,0.9999504176792969,0.2,70,0,2,0.5
100,0.9999551210079428,0.2,70,0,2,0.5
0,0,0.3,70,0,2,0.5
1,0.1499929092222706,0.3,70,0,2,0.5
2,0.27745066740595636,0.3,70,0,2,0.5
3,0.385670693662873,0.3,70,0,2,0.5
4,0.4774263579099923,0.3,70,0,2,0.5
5,0.555086159013472,0.3,70,0,2,0.5
6,0.6206589870535335,0.3,70,0,2,0.5
7,0.6758918847411466,0.3,70,0,2,0.5
8,0.7223732601365758,0.3,70,0,2,0.5
9,0.761564760684909,0.3,70,0,2,0.5
10,0.7947697288122866,0.3,70,0,2,0.5
11,0.823089997866057,0.3,70,0,2,0.5
12,0.8474085059588466,0.3,70,0,2,0.5
13,0.8684050311921558,0.3,70,0,2,0.5
14,0.8865936611284246,0.3,70,0,2,0.5
15,0.902366732621662,0.3,70,0,2,0.5
16,0.9160341922173898,0.3,70,0,2,0.5
17,0.9278532411477259,0.3,70,0,2,0.5
18,0.9380476218457061,0.3,70,0,2,0.5
19,0.9468183405604215,0.3,70,0,2,0.5
20,0.9543484531987628,0.3,70,0,2,0.5
21,0.9608044200201589,0.3,70,0,2,0.5
22,0.9663359737118071,0.3,70,0,2,0.5
23,0.9710757721106346,0.3,70,0,2,0.5
24,0.9751395024048556,0.3,70,0,2,0.5
25,0.9786266498581284,0.3,70,0,2,0.5
26,0.9816218587835543,0.3,70,0,2,0.5
27,0.9841966761183358,0.3,70,0,2,0.5
28,0.986411439372447,0.3,70,0,2,0.5
29,0.9883171080355414,0.3,70,0,2,0.5
30,0.9899569036972127,0.3,70,0,2,0.5
31,0.9913676926712929,0.3,70,0,2,0.5
32,0.9925811005188311,0.3,70,0,2,0.5
33,0.9936243845989535,0.3,70,0,2,0.5
34,0.9945211091442417,0.3,70,0,2,0.5
35,0.9952916713635952,0.3,70,0,2,0.5
36,0.9959537218816475,0.3,70,0,2,0.5
37,0.996522513200383,0.3,70,0,2,0.5
38,0.9970111994111596,0.3,70,0,2,0.5
39,0.9974311013102629,0.3,70,0,2,0.5
40,0.9977919443768973,0.3,70,0,2,0.5
41,0.998102072872931,0.3,70,0,2,0.5
42,0.9983686412105813,0.3,70,0,2,0.5
43,0.9985977830848957,0.3,70,0,2,0.5
44,0.998794759060322,0.3,70,0,2,0.5
45,0.9989640838343621,0.3,70,0,2,0.5
46,0.9991096349410267,0.3,70,0,2,0.5
47,0.9992347450247429,0.3,70,0,2,0.5
48,0.9993422799555732,0.3,70,0,2,0.5
49,0.9994347049912023,0.3,70,0,2,0.5
50,0.9995141409804174,0.3,70,0,2,0.5
51,0.9995824123154572,0.3,70,0,2,0.5
52,0.9996410880355245,0.3,70,0,2,0.5
53,0.9996915172019559,0.3,70,0,2,0.5
54,0.9997348594292035,0.3,70,0,2,0.5
55,0.9997721112716088,0.3,70,0,2,0.5
56,0.9998041290301772,0.3,70,0,2,0.5
57,0.9998316484469233,0.3,70,0,2,0.5
58,0.9998553016859667,0.3,70,0,2,0.5
59,0.9998756319505446,0.3,70,0,2,0.5
60,0.999893106045811,0.3,70,0,2,0.5
61,0.9999081251636529,0.3,70,0,2,0.5
62,0.9999210341349506,0.3,70,0,2,0.5
63,0.9999321293655801,0.3,70,0,2,0.5
64,0.9999416656448713,0.3,70,0,2,0.5
65,0.9999498619895454,0.3,70,0,2,0.5
66,0.9999569066627958,0.3,70,0,2,0.5
67,0.9999629614874757,0.3,70,0,2,0.5
68,0.9999681655544306,0.3,70,0,2,0.5
69,0.9999726384117672,0.3,70,0,2,0.5
70,0.99997648280805,0.3,70,0,2,0.5
71,0.9999797870517309,0.3,70,0,2,0.5
72,0.9999826270401949,0.3,70,0,2,0.5
73,0.9999850680043179,0.3,70,0,2,0.5
74,0.9999871660080926,0.3,70,0,2,0.5
75,0.9999889692374723,0.3,70,0,2,0.5
76,0.9999905191079085,0.3,70,0,2,0.5
77,0.9999918512160287,0.3,70,0,2,0.5
78,0.9999929961573815,0.3,70,0,2,0.5
79,0.9999939802291287,0.3,70,0,2,0.5
80,0.9999948260339149,0.3,70,0,2,0.5
81,0.9999955529988539,0.3,70,0,2,0.5
82,0.9999961778215964,0.3,70,0,2,0.5
83,0.9999967148537446,0.3,70,0,2,0.5
84,0.9999971764304258,0.3,70,0,2,0.5
85,0.9999975731535866,0.3,70,0,2,0.5
86,0.9999979141355045,0.3,70,0,2,0.5
87,0.9999982072080984,0.3,70,0,2,0.5
88,0.9999984591028368,0.3,70,0,2,0.5
89,0.9999986756053689,0.3,70,0,2,0.5
90,0.9999988616884278,0.3,70,0,2,0.5
91,0.9999990216260557,0.3,70,0,2,0.5
92,0.9999991590917789,0.3,70,0,2,0.5
93,0.9999992772429832,0.3,70,0,2,0.5
94,0.9999993787934341,0.3,70,0,2,0.5
95,0.9999994660756062,0.3,70,0,2,0.5
96,0.9999995410942539,0.3,70,0,2,0.5
97,0.9999996055724569,0.3,70,0,2,0.5
98,0.9999996609911952,0.3,70,0,2,0.5
99,0.9999997086233641,0.3,70,0,2,0.5
100,0.9999997495630114,0.3,70,0,2,0.5
0,0,0.4,70,0,2,0.5
1,0.1998972544972435,0.4,70,0,2,0.5
2,0.35947592634664516,0.4,70,0,2,0.5
3,0.4865735100912484,0.4,70,0,2,0.5
4,0.5877287673808127,0.4,70,0,2,0.5
5,0.6679792789618383,0.4,70,0,2,0.5
6,0.731540609908609,0.4,70,0,2,0.5
7,0.7820528198144581,0.4,70,0,2,0.5
8,0.8225083841800438,0.4,70,0,2,0.5
9,0.8552089794570779,0.4,70,0,2,0.5
10,0.8818443039067433,0.4,70,0,2,0.5
11,0.9036381714156937,0.4,70,0,2,0.5
12,0.9214948136324301,0.4,70,0,2,0.5
13,0.9361110472107972,0.4,70,0,2,0.5
14,0.9480485739547064,0.4,70,0,2,0.5
15,0.9577747947979564,0.4,70,0,2,0.5
16,0.965683856841608,0.4,70,0,2,0.5
17,0.9721076666340824,0.4,70,0,2,0.5
18,0.9773230672494871,0.4,70,0,2,0.5
19,0.9815582305141533,0.4,70,0,2,0.5
20,0.9849992286337875,0.4,70,0,2,0.5
21,0.9877966929931741,0.4,70,0,2,0.5
22,0.9900721339924692,0.4,70,0,2,0.5
23,0.9919235478222275,0.4,70,0,2,0.5
24,0.9934301225633309,0.4,70,0,2,0.5
25,0.994656034112747,0.4,70,0,2,0.5
26,0.9956534364680109,0.4,70,0,2,0.5
27,0.9964647977623984,0.4,70,0,2,0.5
28,0.997124732793668,0.4,70,0,2,0.5
29,0.9976614578646418,0.4,70,0,2,0.5
30,0.9980979622808918,0.4,70,0,2,0.5
31,0.9984529628857108,0.4,70,0,2,0.5
32,0.998741687309422,0.4,70,0,2,0.5
33,0.9989765180683572,0.4,70,0,2,0.5
34,0.9991675214924708,0.4,70,0,2,0.5
35,0.9993228806614146,0.4,70,0,2,0.5
36,0.999449248492052,0.4,70,0,2,0.5
37,0.9995520348555508,0.4,70,0,2,0.5
38,0.999635639626986,0.4,70,0,2,0.5
39,0.9997036417275135,0.4,70,0,2,0.5
40,0.9997589525098437,0.4,70,0,2,0.5
41,0.9998039403096208,0.4,70,0,2,0.5
42,0.9998405316755262,0.4,70,0,2,0.5
43,0.9998702937081686,0.4,70,0,2,0.5
44,0.9998945010656207,0.4,70,0,2,0.5
45,0.999914190500928,0.4,70,0,2,0.5
46,0.9999302052490936,0.4,70,0,2,0.5
47,0.9999432311457964,0.4,70,0,2,0.5
48,0.9999538260112313,0.4,70,0,2,0.5
49,0.99996244355015,0.4,70,0,2,0.5
50,0.999969452789041,0.4,70,0,2,0.5
51,0.9999751538829933,0.4,70,0,2,0.5
52,0.9999797909704151,0.4,70,0,2,0.5
53,0.9999835626274545,0.4,70,0,2,0.5
54,0.9999866303708118,0.4,70,0,2,0.5
55,0.9999891255736215,0.4,70,0,2,0.5
56,0.9999911550907696,0.4,70,0,2,0.5
57,0.9999928058345436,0.4,70,0,2,0.5
58,0.9999941484964735,0.4,70,0,2,0.5
59,0.999995240574648,0.4,70,0,2,0.5
60,0.9999961288360741,0.4,70,0,2,0.5
61,0.9999968513194855,0.4,70,0,2,0.5
62,0.9999974389643502,0.4,70,0,2,0.5
63,0.9999979169358416,0.4,70,0,2,0.5
64,0.9999983057025128,0.4,70,0,2,0.5
65,0.9999986219128373,0.4,70,0,2,0.5
66,0.9999988791081562,0.4,70,0,2,0.5
67,0.9999990883025651,0.4,70,0,2,0.5
68,0.9999992584545772,0.4,70,0,2,0.5
69,0.9999993968507591,0.4,70,0,2,0.5
70,0.9999995094177698,0.4,70,0,2,0.5
71,0.9999996009761628,0.4,70,0,2,0.5
72,0.9999996754468206,0.4,70,0,2,0.5
73,0.9999997360188633,0.4,70,0,2,0.5
74,0.9999997852862184,0.4,70,0,2,0.5
75,0.9999998253587035,0.4,70,0,2,0.5
76,0.9999998579523763,0.4,70,0,2,0.5
77,0.9999998844630235,0.4,70,0,2,0.5
78,0.9999999060259327,0.4,70,0,2,0.5
79,0.9999999235645106,0.4,70,0,2,0.5
80,0.999999937829827,0.4,70,0,2,0.5
81,0.9999999494327771,0.4,70,0,2,0.5
82,0.9999999588702444,0.4,70,0,2,0.5
83,0.9999999665463772,0.4,70,0,2,0.5
84,0.9999999727898973,0.4,70,0,2,0.5
85,0.9999999778681761,0.4,70,0,2,0.5
86,0.9999999819986849,0.4,70,0,2,0.5
87,0.9999999853583083,0.4,70,0,2,0.5
88,0.999999988090918,0.4,70,0,2,0.5
89,0.999999990313535,0.4,70,0,2,0.5
90,0.9999999921213404,0.4,70,0,2,0.5
91,0.9999999935917512,0.4,70,0,2,0.5
92,0.9999999947877362,0.4,70,0,2,0.5
93,0.9999999957605119,0.4,70,0,2,0.5
94,0.9999999965517365,0.4,70,0,2,0.5
95,0.9999999971952932,0.4,70,0,2,0.5
96,0.9999999977187415,0.4,70,0,2,0.5
97,0.9999999981444976,0.4,70,0,2,0.5
98,0.9999999984907939,0.4,70,0,2,0.5
99,0.9999999987724603,0.4,70,0,2,0.5
100,0.9999999990015586,0.4,70,0,2,0.5
0,0,0.5,70,0,2,0.5
1,0.24936405820658503,0.5,70,0,2,0.5
2,0.4354156722829695,0.5,70,0,2,0.5
3,0.5750393204044002,0.5,70,0,2,0.5
4,0.6790645523128509,0.5,70,0,2,0.5
5,0.7562793317391371,0.5,70,0,2,0.5
6,0.8139209475724966,0.5,70,0,2,0.5
7,0.8574214819367395,0.5,70,0,2,0.5
8,0.8905901655449888,0.5,70,0,2,0.5
9,0.91604691757947,0.5,70,0,2,0.5
10,0.9356325332285614,0.5,70,0,2,0.5
11,0.9506947908589257,0.5,70,0,2,0.5
12,0.9622586034795796,0.5,70,0,2,0.5
13,0.971120508543631,0.5,70,0,2,0.5
14,0.977903110004413,0.5,70,0,2,0.5
15,0.9830911191733797,0.5,70,0,2,0.5
16,0.9870591257848188,0.5,70,0,2,0.5
17,0.9900946876711708,0.5,70,0,2,0.5
18,0.9924176121373078,0.5,70,0,2,0.5
19,0.9941956305725924,0.5,70,0,2,0.5
20,0.9955567515063443,0.5,70,0,2,0.5
21,0.9965987672531067,0.5,70,0,2,0.5
22,0.9973964720386019,0.5,70,0,2,0.5
23,0.9980071187723594,0.5,70,0,2,0.5
24,0.9984745513426303,0.5,70,0,2,0.5
25,0.9988323474685741,0.5,70,0,2,0.5
26,0.9991062192642354,0.5,70,0,2,0.5
27,0.9993158520807864,0.5,70,0,2,0.5
28,0.9994763147771599,0.5,70,0,2,0.5
29,0.9995991412957405,0.5,70,0,2,0.5
30,0.9996931596393742,0.5,70,0,2,0.5
31,0.9997651267808331,0.5,70,0,2,0.5
32,0.9998202146692471,0.5,70,0,2,0.5
33,0.9998623821491278,0.5,70,0,2,0.5
34,0.9998946595563154,0.5,70,0,2,0.5
35,0.9999193665093715,0.5,70,0,2,0.5
36,0.9999382785972347,0.5,70,0,2,0.5
37,0.9999527549673458,0.5,70,0,2,0.5
38,0.9999638359917147,0.5,70,0,2,0.5
39,0.9999723180298705,0.5,70,0,2,0.5
40,0.9999788106592492,0.5,70,0,2,0.5
41,0.9999837804837949,0.5,70,0,2,0.5
42,0.9999875846678775,0.5,70,0,2,0.5
43,0.9999904966049937,0.5,70,0,2,0.5
44,0.9999927255658879,0.5,70,0,2,0.5
45,0.9999944317382112,0.5,70,0,2,0.5
46,0.9999957377386601,0.5,70,0,2,0.5
47,0.9999967374249918,0.5,70,0,2,0.5
48,0.9999975026412364,0.5,70,0,2,0.5
49,0.9999980883808671,0.5,70,0,2,0.5
50,0.9999985367389869,0.5,70,0,2,0.5
51,0.9999988799375581,0.5,70,0,2,0.5
52,0.9999991426410857,0.5,70,0,2,0.5
53,0.9999993437291705,0.5,70,0,2,0.5
54,0.9999994976533233,0.5,70,0,2,0.5
55,0.9999996154755442,0.5,70,0,2,0.5
56,0.9999997056633119,0.5,70,0,2,0.5
57,0.9999997746981117,0.5,70,0,2,0.5
58,0.9999998275412381,0.5,70,0,2,0.5
59,0.9999998679903448,0.5,70,0,2,0.5
60,0.9999998989523706,0.5,70,0,2,0.5
61,0.99999992265245,0.5,70,0,2,0.5
62,0.9999999407938264,0.5,70,0,2,0.5
63,0.9999999546802582,0.5,70,0,2,0.5
64,0.9999999653097156,0.5,70,0,2,0.5
65,0.9999999734461014,0.5,70,0,2,0.5
66,0.9999999796741496,0.5,70,0,2,0.5
67,0.9999999844414487,0.5,70,0,2,0.5
68,0.999999988090608,0.5,70,0,2,0.5
69,0.9999999908838803,0.5,70,0,2,0.5
70,0.9999999930220081,0.5,70,0,2,0.5
71,0.9999999946586519,0.5,70,0,2,0.5
72,0.9999999959114311,0.5,70,0,2,0.5
73,0.999999996870379,0.5,70,0,2,0.5
74,0.9999999976044117,0.5,70,0,2,0.5
75,0.9999999981662817,0.5,70,0,2,0.5
76,0.9999999985963687,0.5,70,0,2,0.5
77,0.9999999989255814,0.5,70,0,2,0.5
78,0.9999999991775795,0.5,70,0,2,0.5
79,0.999999999370473,0.5,70,0,2,0.5
80,0.9999999995181246,0.5,70,0,2,0.5
81,0.9999999996311454,0.5,70,0,2,0.5
82,0.9999999997176579,0.5,70,0,2,0.5
83,0.9999999997838794,0.5,70,0,2,0.5
84,0.9999999998345691,0.5,70,0,2,0.5
85,0.9999999998733698,0.5,70,0,2,0.5
86,0.9999999999030702,0.5,70,0,2,0.5
87,0.9999999999258045,0.5,70,0,2,0.5
88,0.9999999999432065,0.5,70,0,2,0.5
89,0.9999999999565271,0.5,70,0,2,0.5
90,0.9999999999667234,0.5,70,0,2,0.5
91,0.9999999999745282,0.5,70,0,2,0.5
92,0.9999999999805025,0.5,70,0,2,0.5
93,0.9999999999850755,0.5,70,0,2,0.5
94,0.9999999999885759,0.5,70,0,2,0.5
95,0.9999999999912553,0.5,70,0,2,0.5
96,0.9999999999933064,0.5,70,0,2,0.5
97,0.9999999999948763,0.5,70,0,2,0.5
98,0.999999999996078,0.5,70,0,2,0.5
99,0.999999999996998,0.5,70,0,2,0.5
100,0.9999999999977021,0.5,70,0,2,0.5
0,0,0.6,70,0,2,0.5
1,0.2983934548104876,0.6,70,0,2,0.5
2,0.5073852317031915,0.6,70,0,2,0.5
3,0.6536170863111093,0.6,70,0,2,0.5
4,0.7548589505110028,0.6,70,0,2,0.5
5,0.8253506811237916,0.6,70,0,2,0.5
6,0.8750556274479613,0.6,70,0,2,0.5
7,0.9104747460618396,0.6,70,0,2,0.5
8,0.9358529034427207,0.6,70,0,2,0.5
9,0.9540625780569646,0.6,70,0,2,0.5
10,0.9671206935014799,0.6,70,0,2,0.5
11,0.9764743928945425,0.6,70,0,2,0.5
12,0.9831689793389611,0.6,70,0,2,0.5
13,0.9879584335138055,0.6,70,0,2,0.5
14,0.991384591723192,0.6,70,0,2,0.5
15,0.9938356501814459,0.6,70,0,2,0.5
16,0.9955892828647901,0.6,70,0,2,0.5
17,0.9968440175485961,0.6,70,0,2,0.5
18,0.9977418152275829,0.6,70,0,2,0.5
19,0.998384218366177,0.6,70,0,2,0.5
20,0.9988438760626145,0.6,70,0,2,0.5
21,0.9991727718201213,0.6,70,0,2,0.5
22,0.9994081031792478,0.6,70,0,2,0.5
23,0.9995764869951669,0.6,70,0,2,0.5
24,0.9996969685977025,0.6,70,0,2,0.5
25,0.9997831753590167,0.6,70,0,2,0.5
26,0.999844857888921,0.6,70,0,2,0.5
27,0.9998889928956708,0.6,70,0,2,0.5
28,0.9999205723258645,0.6,70,0,2,0.5
29,0.9999431680045386,0.6,70,0,2,0.5
30,0.9999593356386707,0.6,70,0,2,0.5
31,0.9999709038851865,0.6,70,0,2,0.5
32,0.9999791811830454,0.6,70,0,2,0.5
33,0.9999851037451996,0.6,70,0,2,0.5
34,0.9999893414497062,0.6,70,0,2,0.5
35,0.9999923736069184,0.6,70,0,2,0.5
36,0.9999945431723943,0.6,70,0,2,0.5
37,0.9999960955372736,0.6,70,0,2,0.5
38,0.9999972062835257,0.6,70,0,2,0.5
39,0.9999980010433486,0.6,70,0,2,0.5
40,0.9999985697089412,0.6,70,0,2,0.5
41,0.9999989765998621,0.6,70,0,2,0.5
42,0.9999992677379644,0.6,70,0,2,0.5
43,0.9999994760527491,0.6,70,0,2,0.5
44,0.9999996251058934,0.6,70,0,2,0.5
45,0.9999997317562197,0.6,70,0,2,0.5
46,0.999999808066533,0.6,70,0,2,0.5
47,0.9999998626679966,0.6,70,0,2,0.5
48,0.9999999017363701,0.6,70,0,2,0.5
49,0.9999999296905258,0.6,70,0,2,0.5
50,0.9999999496922496,0.6,70,0,2,0.5
51,0.9999999640038589,0.6,70,0,2,0.5
52,0.9999999742440844,0.6,70,0,2,0.5
53,0.9999999815711582,0.6,70,0,2,0.5
54,0.9999999868138173,0.6,70,0,2,0.5
55,0.9999999905650384,0.6,70,0,2,0.5
56,0.9999999932491076,0.6,70,0,2,0.5
57,0.9999999951696096,0.6,70,0,2,0.5
58,0.9999999965437649,0.6,70,0,2,0.5
59,0.9999999975269989,0.6,70,0,2,0.5
60,0.9999999982305212,0.6,70,0,2,0.5
61,0.9999999987339047,0.6,70,0,2,0.5
62,0.999999999094085,0.6,70,0,2,0.5
63,0.9999999993518007,0.6,70,0,2,0.5
64,0.9999999995362012,0.6,70,0,2,0.5
65,0.9999999996681432,0.6,70,0,2,0.5
66,0.9999999997625503,0.6,70,0,2,0.5
67,0.9999999998301002,0.6,70,0,2,0.5
68,0.9999999998784336,0.6,70,0,2,0.5
69,0.9999999999130169,0.6,70,0,2,0.5
70,0.999999999937762,0.6,70,0,2,0.5
71,0.9999999999554675,0.6,70,0,2,0.5
72,0.9999999999681362,0.6,70,0,2,0.5
73,0.9999999999772008,0.6,70,0,2,0.5
74,0.9999999999836867,0.6,70,0,2,0.5
75,0.9999999999883276,0.6,70,0,2,0.5
76,0.9999999999916481,0.6,70,0,2,0.5
77,0.9999999999940241,0.6,70,0,2,0.5
78,0.9999999999957241,0.6,70,0,2,0.5
79,0.9999999999969406,0.6,70,0,2,0.5
80,0.9999999999978109,0.6,70,0,2,0.5
81,0.9999999999984337,0.6,70,0,2,0.5
82,0.9999999999988792,0.6,70,0,2,0.5
83,0.9999999999991981,0.6,70,0,2,0.5
84,0.9999999999994262,0.6,70,0,2,0.5
85,0.9999999999995894,0.6,70,0,2,0.5
86,0.9999999999997062,0.6,70,0,2,0.5
87,0.9999999999997898,0.6,70,0,2,0.5
88,0.9999999999998496,0.6,70,0,2,0.5
89,0.9999999999998924,0.6,70,0,2,0.5
90,0.999999999999923,0.6,70,0,2,0.5
91,0.9999999999999449,0.6,70,0,2,0.5
92,0.9999999999999606,0.6,70,0,2,0.5
93,0.9999999999999718,0.6,70,0,2,0.5
94,0.9999999999999798,0.6,70,0,2,0.5
95,0.9999999999999856,0.6,70,0,2,0.5
96,0.9999999999999897,0.6,70,0,2,0.5
97,0.9999999999999926,0.6,70,0,2,0.5
98,0.9999999999999947,0.6,70,0,2,0.5
99,0.9999999999999962,0.6,70,0,2,0.5
100,0.9999999999999973,0.6,70,0,2,0.5
0,0,0.7,70,0,2,0.5
1,0.3506481022318052,0.7,70,0,2,0.5
2,0.5846352555104738,0.7,70,0,2,0.5
3,0.7326449348679142,0.7,70,0,2,0.5
4,0.8261006825195457,0.7,70,0,2,0.5
5,0.886133203751054,0.7,70,0,2,0.5
6,0.9252526957194869,0.7,70,0,2,0.5
7,0.950915737857152,0.7,70,0,2,0.5
8,0.9677785456621653,0.7,70,0,2,0.5
9,0.9788550751437636,0.7,70,0,2,0.5
10,0.9861262343155973,0.7,70,0,2,0.5
11,0.990897494008777,0.7,70,0,2,0.5
12,0.994027882928529,0.7,70,0,2,0.5
13,0.9960816683056133,0.7,70,0,2,0.5
14,0.9974291421541411,0.7,70,0,2,0.5
15,0.9983132270698548,0.7,70,0,2,0.5
16,0.9988932856888102,0.7,70,0,2,0.5
17,0.9992738701440342,0.7,70,0,2,0.5
18,0.9995235768231472,0.7,70,0,2,0.5
19,0.9996874126752746,0.7,70,0,2,0.5
20,0.9997949074850736,0.7,70,0,2,0.5
21,0.9998654361962611,0.7,70,0,2,0.5
22,0.999911710978116,0.7,70,0,2,0.5
23,0.9999420724499138,0.7,70,0,2,0.5
24,0.9999619929974651,0.7,70,0,2,0.5
25,0.9999750631220943,0.7,70,0,2,0.5
26,0.9999836385971512,0.7,70,0,2,0.5
27,0.9999892650754414,0.7,70,0,2,0.5
28,0.99999295667943,0.7,70,0,2,0.5
29,0.9999953787877712,0.7,70,0,2,0.5
30,0.9999969679638672,0.7,70,0,2,0.5
31,0.9999980106425207,0.7,70,0,2,0.5
32,0.9999986947572499,0.7,70,0,2,0.5
33,0.9999991436136267,0.7,70,0,2,0.5
34,0.9999994381140058,0.7,70,0,2,0.5
35,0.9999996313394511,0.7,70,0,2,0.5
36,0.9999997581171238,0.7,70,0,2,0.5
37,0.9999998412975678,0.7,70,0,2,0.5
38,0.9999998958733153,0.7,70,0,2,0.5
39,0.9999999316811575,0.7,70,0,2,0.5
40,0.9999999551751383,0.7,70,0,2,0.5
41,0.999999970589838,0.7,70,0,2,0.5
42,0.9999999807036185,0.7,70,0,2,0.5
43,0.9999999873393987,0.7,70,0,2,0.5
44,0.9999999916932184,0.7,70,0,2,0.5
45,0.9999999945498149,0.7,70,0,2,0.5
46,0.9999999964240642,0.7,70,0,2,0.5
47,0.999999997653783,0.7,70,0,2,0.5
48,0.9999999984606172,0.7,70,0,2,0.5
49,0.9999999989899914,0.7,70,0,2,0.5
50,0.9999999993373205,0.7,70,0,2,0.5
51,0.9999999995652076,0.7,70,0,2,0.5
52,0.9999999997147271,0.7,70,0,2,0.5
53,0.9999999998128288,0.7,70,0,2,0.5
54,0.9999999998771947,0.7,70,0,2,0.5
55,0.9999999999194258,0.7,70,0,2,0.5
56,0.9999999999471343,0.7,70,0,2,0.5
57,0.9999999999653141,0.7,70,0,2,0.5
58,0.9999999999772422,0.7,70,0,2,0.5
59,0.9999999999850683,0.7,70,0,2,0.5
60,0.9999999999902031,0.7,70,0,2,0.5
61,0.9999999999935721,0.7,70,0,2,0.5
62,0.9999999999957826,0.7,70,0,2,0.5
63,0.9999999999972329,0.7,70,0,2,0.5
64,0.9999999999981845,0.7,70,0,2,0.5
65,0.9999999999988088,0.7,70,0,2,0.5
66,0.9999999999992184,0.7,70,0,2,0.5
67,0.9999999999994872,0.7,70,0,2,0.5
68,0.9999999999996636,0.7,70,0,2,0.5
69,0.9999999999997793,0.7,70,0,2,0.5
70,0.9999999999998551,0.7,70,0,2,0.5
71,0.999999999999905,0.7,70,0,2,0.5
72,0.9999999999999376,0.7,70,0,2,0.5
73,0.9999999999999591,0.7,70,0,2,0.5
74,0.9999999999999731,0.7,70,0,2,0.5
75,0.9999999999999823,0.7,70,0,2,0.5
76,0.9999999999999885,0.7,70,0,2,0.5
77,0.9999999999999925,0.7,70,0,2,0.5
78,0.999999999999995,0.7,70,0,2,0.5
79,0.9999999999999968,0.7,70,0,2,0.5
80,0.9999999999999979,0.7,70,0,2,0.5
81,0.9999999999999986,0.7,70,0,2,0.5
82,0.9999999999999991,0.7,70,0,2,0.5
83,0.9999999999999994,0.7,70,0,2,0.5
84,0.9999999999999996,0.7,70,0,2,0.5
85,0.9999999999999998,0.7,70,0,2,0.5
86,0.9999999999999998,0.7,70,0,2,0.5
87,0.9999999999999999,0.7,70,0,2,0.5
88,0.9999999999999999,0.7,70,0,2,0.5
89,1,0.7,70,0,2,0.5
90,1,0.7,70,0,2,0.5
91,1,0.7,70,0,2,0.5
92,1,0.7,70,0,2,0.5
93,1,0.7,70,0,2,0.5
94,1,0.7,70,0,2,0.5
95,1,0.7,70,0,2,0.5
96,1,0.7,70,0,2,0.5
97,1,0.7,70,0,2,0.5
98,1,0.7,70,0,2,0.5
99,1,0.7,70,0,2,0.5
100,1,0.7,70,0,2,0.5
0,0,0.8,70,0,2,0.5
1,0.40541421276225154,0.8,70,0,2,0.5
2,0.655808477110246,0.8,70,0,2,0.5
3,0.7991353054446149,0.8,70,0,2,0.5
4,0.8817823072724686,0.8,70,0,2,0.5
5,0.9301743541591816,0.8,70,0,2,0.5
6,0.9587235169699785,0.8,70,0,2,0.5
7,0.9756007392031236,0.8,70,0,2,0.5
8,0.9855789898422573,0.8,70,0,2,0.5
9,0.9914771181783757,0.8,70,0,2,0.5
10,0.9949630324442388,0.8,70,0,2,0.5
11,0.9970231895321693,0.8,70,0,2,0.5
12,0.9982407241613438,0.8,70,0,2,0.5
13,0.9989602781381652,0.8,70,0,2,0.5
14,0.9993855301460397,0.8,70,0,2,0.5
15,0.999636851701489,0.8,70,0,2,0.5
16,0.9997853813599408,0.8,70,0,2,0.5
17,0.9998731615705608,0.8,70,0,2,0.5
18,0.9999250391901742,0.8,70,0,2,0.5
19,0.9999556985763297,0.8,70,0,2,0.5
20,0.9999738181038343,0.8,70,0,2,0.5
21,0.9999845266442877,0.8,70,0,2,0.5
22,0.9999908553324206,0.8,70,0,2,0.5
23,0.999994595552077,0.8,70,0,2,0.5
24,0.9999968060011916,0.8,70,0,2,0.5
25,0.9999981123643833,0.8,70,0,2,0.5
26,0.9999988844177987,0.8,70,0,2,0.5
27,0.9999993406970938,0.8,70,0,2,0.5
28,0.9999996103556318,0.8,70,0,2,0.5
29,0.9999997697223351,0.8,70,0,2,0.5
30,0.9999998639071747,0.8,70,0,2,0.5
31,0.9999999195698935,0.8,70,0,2,0.5
32,0.9999999524662523,0.8,70,0,2,0.5
33,0.9999999719078182,0.8,70,0,2,0.5
34,0.999999983397676,0.8,70,0,2,0.5
35,0.9999999901881185,0.8,70,0,2,0.5
36,0.9999999942012323,0.8,70,0,2,0.5
37,0.9999999965729603,0.8,70,0,2,0.5
38,0.9999999979746386,0.8,70,0,2,0.5
39,0.9999999988030226,0.8,70,0,2,0.5
40,0.999999999292593,0.8,70,0,2,0.5
41,0.9999999995819263,0.8,70,0,2,0.5
42,0.9999999997529208,0.8,70,0,2,0.5
43,0.9999999998539776,0.8,70,0,2,0.5
44,0.9999999999137016,0.8,70,0,2,0.5
45,0.9999999999489981,0.8,70,0,2,0.5
46,0.9999999999698581,0.8,70,0,2,0.5
47,0.9999999999821864,0.8,70,0,2,0.5
48,0.9999999999894722,0.8,70,0,2,0.5
49,0.9999999999937781,0.8,70,0,2,0.5
50,0.9999999999963229,0.8,70,0,2,0.5
51,0.9999999999978268,0.8,70,0,2,0.5
52,0.9999999999987157,0.8,70,0,2,0.5
53,0.9999999999992409,0.8,70,0,2,0.5
54,0.9999999999995515,0.8,70,0,2,0.5
55,0.9999999999997349,0.8,70,0,2,0.5
56,0.9999999999998433,0.8,70,0,2,0.5
57,0.9999999999999074,0.8,70,0,2,0.5
58,0.9999999999999453,0.8,70,0,2,0.5
59,0.9999999999999677,0.8,70,0,2,0.5
60,0.9999999999999809,0.8,70,0,2,0.5
61,0.9999999999999887,0.8,70,0,2,0.5
62,0.9999999999999933,0.8,70,0,2,0.5
63,0.999999999999996,0.8,70,0,2,0.5
64,0.9999999999999977,0.8,70,0,2,0.5
65,0.9999999999999987,0.8,70,0,2,0.5
66,0.9999999999999992,0.8,70,0,2,0.5
67,0.9999999999999996,0.8,70,0,2,0.5
68,0.9999999999999997,0.8,70,0,2,0.5
69,0.9999999999999998,0.8,70,0,2,0.5
70,0.9999999999999999,0.8,70,0,2,0.5
71,0.9999999999999999,0.8,70,0,2,0.5
72,1,0.8,70,0,2,0.5
73,1,0.8,70,0,2,0.5
74,1,0.8,70,0,2,0.5
75,1,0.8,70,0,2,0.5
76,1,0.8,70,0,2,0.5
77,1,0.8,70,0,2,0.5
78,1,0.8,70,0,2,0.5
79,1,0.8,70,0,2,0.5
80,1,0.8,70,0,2,0.5
81,1,0.8,70,0,2,0.5
82,1,0.8,70,0,2,0.5
83,1,0.8,70,0,2,0.5
84,1,0.8,70,0,2,0.5
85,1,0.8,70,0,2,0.5
86,1,0.8,70,0,2,0.5
87,1,0.8,70,0,2,0.5
88,1,0.8,70,0,2,0.5
89,1,0.8,70,0,2,0.5
90,1,0.8,70,0,2,0.5
91,1,0.8,70,0,2,0.5
92,1,0.8,70,0,2,0.5
93,1,0.8,70,0,2,0.5
94,1,0.8,70,0,2,0.5
95,1,0.8,70,0,2,0.5
96,1,0.8,70,0,2,0.5
97,1,0.8,70,0,2,0.5
98,1,0.8,70,0,2,0.5
99,1,0.8,70,0,2,0.5
100,1,0.8,70,0,2,0.5
0,0,0.9,70,0,2,0.5
1,0.4973579281686491,0.9,70,0,2,0.5
2,0.7397417755751817,0.9,70,0,2,0.5
3,0.8636894673597004,0.9,70,0,2,0.5
4,0.9284318346247526,0.9,70,0,2,0.5
5,0.9624121858726192,0.9,70,0,2,0.5
6,0.9802587604812089,0.9,70,0,2,0.5
7,0.9896319709967007,0.9,70,0,2,0.5
8,0.994554770421683,0.9,70,0,2,0.5
9,0.9971401988375308,0.9,70,0,2,0.5
10,0.9984980501090918,0.9,70,0,2,0.5
11,0.999211185198763,0.9,70,0,2,0.5
12,0.9995857193388271,0.9,70,0,2,0.5
13,0.9997824223554079,0.9,70,0,2,0.5
14,0.999885729564821,0.9,70,0,2,0.5
15,0.9999399858731775,0.9,70,0,2,0.5
16,0.9999684809512398,0.9,70,0,2,0.5
17,0.9999834463902527,0.9,70,0,2,0.5
18,0.9999913061463958,0.9,70,0,2,0.5
19,0.9999954340417803,0.9,70,0,2,0.5
20,0.9999976019869423,0.9,70,0,2,0.5
21,0.9999987405783523,0.9,70,0,2,0.5
22,0.9999993385595288,0.9,70,0,2,0.5
23,0.9999996526155496,0.9,70,0,2,0.5
24,0.9999998175558321,0.9,70,0,2,0.5
25,0.9999999041814498,0.9,70,0,2,0.5
26,0.9999999496766891,0.9,70,0,2,0.5
27,0.999999973570508,0.9,70,0,2,0.5
28,0.999999986119394,0.9,70,0,2,0.5
29,0.9999999927099915,0.9,70,0,2,0.5
30,0.9999999961713325,0.9,70,0,2,0.5
31,0.9999999979892075,0.9,70,0,2,0.5
32,0.9999999989439442,0.9,70,0,2,0.5
33,0.999999999445366,0.9,70,0,2,0.5
34,0.9999999997087097,0.9,70,0,2,0.5
35,0.9999999998470162,0.9,70,0,2,0.5
36,0.9999999999196538,0.9,70,0,2,0.5
37,0.9999999999578026,0.9,70,0,2,0.5
38,0.9999999999778382,0.9,70,0,2,0.5
39,0.9999999999883608,0.9,70,0,2,0.5
40,0.9999999999938871,0.9,70,0,2,0.5
41,0.9999999999967896,0.9,70,0,2,0.5
42,0.9999999999983139,0.9,70,0,2,0.5
43,0.9999999999991145,0.9,70,0,2,0.5
44,0.9999999999995349,0.9,70,0,2,0.5
45,0.9999999999997558,0.9,70,0,2,0.5
46,0.9999999999998718,0.9,70,0,2,0.5
47,0.9999999999999326,0.9,70,0,2,0.5
48,0.9999999999999646,0.9,70,0,2,0.5
49,0.9999999999999815,0.9,70,0,2,0.5
50,0.9999999999999902,0.9,70,0,2,0.5
51,0.9999999999999949,0.9,70,0,2,0.5
52,0.9999999999999973,0.9,70,0,2,0.5
53,0.9999999999999986,0.9,70,0,2,0.5
54,0.9999999999999992,0.9,70,0,2,0.5
55,0.9999999999999996,0.9,70,0,2,0.5
56,0.9999999999999998,0.9,70,0,2,0.5
57,0.9999999999999999,0.9,70,0,2,0.5
58,0.9999999999999999,0.9,70,0,2,0.5
59,1,0.9,70,0,2,0.5
60,1,0.9,70,0,2,0.5
61,1,0.9,70,0,2,0.5
62,1,0.9,70,0,2,0.5
63,1,0.9,70,0,2,0.5
64,1,0.9,70,0,2,0.5
65,1,0.9,70,0,2,0.5
66,1,0.9,70,0,2,0.5
67,1,0.9,70,0,2,0.5
68,1,0.9,70,0,2,0.5
69,1,0.9,70,0,2,0.5
70,1,0.9,70,0,2,0.5
71,1,0.9,70,0,2,0.5
72,1,0.9,70,0,2,0.5
73,1,0.9,70,0,2,0.5
74,1,0.9,70,0,2,0.5
75,1,0.9,70,0,2,0.5
76,1,0.9,70,0,2,0.5
77,1,0.9,70,0,2,0.5
78,1,0.9,70,0,2,0.5
79,1,0.9,70,0,2,0.5
80,1,0.9,70,0,2,0.5
81,1,0.9,70,0,2,0.5
82,1,0.9,70,0,2,0.5
83,1,0.9,70,0,2,0.5
84,1,0.9,70,0,2,0.5
85,1,0.9,70,0,2,0.5
86,1,0.9,70,0,2,0.5
87,1,0.9,70,0,2,0.5
88,1,0.9,70,0,2,0.5
89,1,0.9,70,0,2,0.5
90,1,0.9,70,0,2,0.5
91,1,0.9,70,0,2,0.5
92,1,0.9,70,0,2,0.5
93,1,0.9,70,0,2,0.5
94,1,0.9,70,0,2,0.5
95,1,0.9,70,0,2,0.5
96,1,0.9,70,0,2,0.5
97,1,0.9,70,0,2,0.5
98,1,0.9,70,0,2,0.5
99,1,0.9,70,0,2,0.5
100,1,0.9,70,0,2,0.5
0,0,1,70,0,2,0.5
1,0.7538875367823864,1,70,0,2,0.5
2,0.9394286554489588,1,70,0,2,0.5
3,0.9850926371921405,1,70,0,2,0.5
4,0.9963311122192791,1,70,0,2,0.5
5,0.9990970409910178,1,70,0,2,0.5
6,0.9997777705341149,1,70,0,2,0.5
7,0.9999453065587515,1,70,0,2,0.5
8,0.9999865392624525,1,70,0,2,0.5
9,0.9999966871447254,1,70,0,2,0.5
10,0.9999991846650281,1,70,0,2,0.5
11,0.9999997993359017,1,70,0,2,0.5
12,0.9999999506140645,1,70,0,2,0.5
13,0.9999999878455058,1,70,0,2,0.5
14,0.9999999970086275,1,70,0,2,0.5
15,0.9999999992637859,1,70,0,2,0.5
16,0.9999999998188085,1,70,0,2,0.5
17,0.9999999999554066,1,70,0,2,0.5
18,0.999999999989025,1,70,0,2,0.5
19,0.9999999999972989,1,70,0,2,0.5
20,0.9999999999993352,1,70,0,2,0.5
21,0.9999999999998364,1,70,0,2,0.5
22,0.9999999999999597,1,70,0,2,0.5
23,0.9999999999999901,1,70,0,2,0.5
24,0.9999999999999976,1,70,0,2,0.5
25,0.9999999999999994,1,70,0,2,0.5
26,0.9999999999999999,1,70,0,2,0.5
27,1,1,70,0,2,0.5
28,1,1,70,0,2,0.5
29,1,1,70,0,2,0.5
30,1,1,70,0,2,0.5
31,1,1,70,0,2,0.5
32,1,1,70,0,2,0.5
33,1,1,70,0,2,0.5
34,1,1,70,0,2,0.5
35,1,1,70,0,2,0.5
36,1,1,70,0,2,0.5
37,1,1,70,0,2,0.5
38,1,1,70,0,2,0.5
39,1,1,70,0,2,0.5
40,1,1,70,0,2,0.5
41,1,1,70,0,2,0.5
42,1,1,70,0,2,0.5
43,1,1,70,0,2,0.5
44,1,1,70,0,2,0.5
45,1,1,70,0,2,0.5
46,1,1,70,0,2,0.5
47,1,1,70,0,2,0.5
48,1,1,70,0,2,0.5
49,1,1,70,0,2,0.5
50,1,1,70,0,2,0.5
51,1,1,70,0,2,0.5
52,1,1,70,0,2,0.5
53,1,1,70,0,2,0.5
54,1,1,70,0,2,0.5
55,1,1,70,0,2,0.5
56,1,1,70,0,2,0.5
57,1,1,70,0,2,0.5
58,1,1,70,0,2,0.5
59,1,1,70,0,2,0.5
60,1,1,70,0,2,0.5
61,1,1,70,0,2,0.5
62,1,1,70,0,2,0.5
63,1,1,70,0,2,0.5
64,1,1,70,0,2,0.5
65,1,1,70,0,2,0.5
66,1,1,70,0,2,0.5
67,1,1,70,0,2,0.5
68,1,1,70,0,2,0.5
69,1,1,70,0,2,0.5
70,1,1,70,0,2,0.5
71,1,1,70,0,2,0.5
72,1,1,70,0,2,0.5
73,1,1,70,0,2,0.5
74,1,1,70,0,2,0.5
75,1,1,70,0,2,0.5
76,1,1,70,0,2,0.5
77,1,1,70,0,2,0.5
78,1,1,70,0,2,0.5
79,1,1,70,0,2,0.5
80,1,1,70,0,2,0.5
81,1,1,70,0,2,0.5
82,1,1,70,0,2,0.5
83,1,1,70,0,2,0.5
84,1,1,70,0,2,0.5
85,1,1,70,0,2,0.5
86,1,1,70,0,2,0.5
87,1,1,70,0,2,0.5
88,1,1,70,0,2,0.5
89,1,1,70,0,2,0.5
90,1,1,70,0,2,0.5
91,1,1,70,0,2,0.5
92,1,1,70,0,2,0.5
93,1,1,70,0,2,0.5
94,1,1,70,0,2,0.5
95,1,1,70,0,2,0.5
96,1,1,70,0,2,0.5
97,1,1,70,0,2,0.5
98,1,1,70,0,2,0.5
99,1,1,70,0,2,0.5
100,1,1,70,0,2,0.5
0,0,0.1,50,20,2,0.5
1,0.026471106588329962,0.1,50,20,2,0.5
2,0.05224149280077384,0.1,50,20,2,0.5
3,0.07732970664139516,0.1,50,20,2,0.5
4,0.10175380454931227,0.1,50,20,2,0.5
5,0.12553136413995458,0.1,50,20,2,0.5
6,0.14867949653368862,0.1,50,20,2,0.5
7,0.1712148582762304,0.1,50,20,2,0.5
8,0.19315366285740654,0.1,50,20,2,0.5
9,0.2145116918372144,0.1,50,20,2,0.5
10,0.23530430559063997,0.1,50,20,2,0.5
11,0.2555464536851789,0.1,50,20,2,0.5
12,0.27525268490738897,0.1,50,20,2,0.5
13,0.2944371569569756,0.1,50,20,2,0.5
14,0.31311364582885304,0.1,50,20,2,0.5
15,0.3312955549052876,0.1,50,20,2,0.5
16,0.348995923781649,0.1,50,20,2,0.5
17,0.36622743685049586,0.1,50,20,2,0.5
18,0.38300243166977,0.1,50,20,2,0.5
19,0.39933290714183944,0.1,50,20,2,0.5
20,0.415230531531085,0.1,50,20,2,0.5
21,0.4307066503487421,0.1,50,20,2,0.5
22,0.44577229413481734,0.1,50,20,2,0.5
23,0.4604381861681104,0.1,50,20,2,0.5
24,0.47471475013662967,0.1,50,20,2,0.5
25,0.48861211780189184,0.1,50,20,2,0.5
26,0.5021401366915577,0.1,50,20,2,0.5
27,0.5153083778553447,0.1,50,20,2,0.5
28,0.528126143718864,0.1,50,20,2,0.5
29,0.5406024760686297,0.1,50,20,2,0.5
30,0.5527461641986235,0.1,50,20,2,0.5
31,0.5645657532441595,0.1,50,20,2,0.5
32,0.5760695527221046,0.1,50,20,2,0.5
33,0.5872656452876426,0.1,50,20,2,0.5
34,0.5981618957066767,0.1,50,20,2,0.5
35,0.6087659600298438,0.1,50,20,2,0.5
36,0.6190852949392702,0.1,50,20,2,0.5
37,0.6291271672231944,0.1,50,20,2,0.5
38,0.6388986633171028,0.1,50,20,2,0.5
39,0.6484066988339174,0.1,50,20,2,0.5
40,0.6576580279909522,0.1,50,20,2,0.5
41,0.6666592528287898,0.1,50,20,2,0.5
42,0.6754168321078019,0.1,50,20,2,0.5
43,0.6839370897625661,0.1,50,20,2,0.5
44,0.6922262227935196,0.1,50,20,2,0.5
45,0.7002903084792467,0.1,50,20,2,0.5
46,0.7081353108019393,0.1,50,20,2,0.5
47,0.7157670859926608,0.1,50,20,2,0.5
48,0.7231913871216366,0.1,50,20,2,0.5
49,0.7304138676812272,0.1,50,20,2,0.5
50,0.7374400841345883,0.1,50,20,2,0.5
51,0.7442754974302286,0.1,50,20,2,0.5
52,0.7509254735105838,0.1,50,20,2,0.5
53,0.7573952828701216,0.1,50,20,2,0.5
54,0.7636900992442346,0.1,50,20,2,0.5
55,0.7698149975331937,0.1,50,20,2,0.5
56,0.7757749510848259,0.1,50,20,2,0.5
57,0.7815748284746371,0.1,50,20,2,0.5
58,0.7872193899323305,0.1,50,20,2,0.5
59,0.7927132835688286,0.1,50,20,2,0.5
60,0.798061041557983,0.1,50,20,2,0.5
61,0.8032670764223497,0.1,50,20,2,0.5
62,0.8083356775631318,0.1,50,20,2,0.5
63,0.8132710081612107,0.1,50,20,2,0.5
64,0.818077102559799,0.1,50,20,2,0.5
65,0.8227578642204247,0.1,50,20,2,0.5
66,0.8273170643235095,0.1,50,20,2,0.5
67,0.8317583410635595,0.1,50,20,2,0.5
68,0.8360851996677137,0.1,50,20,2,0.5
69,0.840301013145804,0.1,50,20,2,0.5
70,0.844409023760809,0.1,50,20,2,0.5
71,0.8484123451911258,0.1,50,20,2,0.5
72,0.8523139653408546,0.1,50,20,2,0.5
73,0.8561167497415509,0.1,50,20,2,0.5
74,0.859823445478832,0.1,50,20,2,0.5
75,0.8634366855698425,0.1,50,20,2,0.5
76,0.8669589937128712,0.1,50,20,2,0.5
77,0.8703927893282075,0.1,50,20,2,0.5
78,0.8737403928094329,0.1,50,20,2,0.5
79,0.8770040309065016,0.1,50,20,2,0.5
80,0.8801858421658766,0.1,50,20,2,0.5
81,0.8832878823583379,0.1,50,20,2,0.5
82,0.886312129831546,0.1,50,20,2,0.5
83,0.889260490731702,0.1,50,20,2,0.5
84,0.892134804046411,0.1,50,20,2,0.5
85,0.8949368464288308,0.1,50,20,2,0.5
86,0.8976683367711438,0.1,50,20,2,0.5
87,0.9003309405031144,0.1,50,20,2,0.5
88,0.9029262735987993,0.1,50,20,2,0.5
89,0.9054559062812474,0.1,50,20,2,0.5
90,0.9079213664211424,0.1,50,20,2,0.5
91,0.9103241426307427,0.1,50,20,2,0.5
92,0.912665687059131,0.1,50,20,2,0.5
93,0.9149474178986746,0.1,50,20,2,0.5
94,0.9171707216157488,0.1,50,20,2,0.5
95,0.9193369549212108,0.1,50,20,2,0.5
96,0.9214474464978859,0.1,50,20,2,0.5
97,0.9235034985034888,0.1,50,20,2,0.5
98,0.9255063878680416,0.1,50,20,2,0.5
99,0.9274573674050028,0.1,50,20,2,0.5
100,0.9293576667550923,0.1,50,20,2,0.5
0,0,0.2,50,20,2,0.5
1,0.052942197476076536,0.2,50,20,2,0.5
2,0.10308143550194904,0.2,50,20,2,0.5
3,0.1505659194348985,0.2,50,20,2,0.5
4,0.19553581392026287,0.2,50,20,2,0.5
5,0.2381236072512123,0.2,50,20,2,0.5
6,0.2784544741237853,0.2,50,20,2,0.5
7,0.3166466410299983,0.2,50,20,2,0.5
8,0.35281175523281716,0.2,50,20,2,0.5
9,0.3870552560726618,0.2,50,20,2,0.5
10,0.41947674628355913,0.2,50,20,2,0.5
11,0.4501703607753096,0.2,50,20,2,0.5
12,0.47922513052070825,0.2,50,20,2,0.5
13,0.5067253393315003,0.2,50,20,2,0.5
14,0.5327508711278754,0.2,50,20,2,0.5
15,0.5573775447495641,0.2,50,20,2,0.5
16,0.580677432579346,0.2,50,20,2,0.5
17,0.6027191585340954,0.2,50,20,2,0.5
18,0.6235681706202776,0.2,50,20,2,0.5
19,0.6432869834649468,0.2,50,20,2,0.5
20,0.661935387099098,0.2,50,20,2,0.5
21,0.6795706197226985,0.2,50,20,2,0.5
22,0.6962475040389822,0.2,50,20,2,0.5
23,0.7120185487626056,0.2,50,20,2,0.5
24,0.7269340188234124,0.2,50,20,2,0.5
25,0.7410419793810861,0.2,50,20,2,0.5
26,0.754388319877979,0.2,50,20,2,0.5
27,0.7670167649093079,0.2,50,20,2,0.5
28,0.7789688786803179,0.2,50,20,2,0.5
29,0.7902840693114521,0.2,50,20,2,0.5
30,0.8009995983517804,0.2,50,20,2,0.5
31,0.8111505996978017,0.2,50,20,2,0.5
32,0.8207701108228052,0.2,50,20,2,0.5
33,0.8298891179232571,0.2,50,20,2,0.5
34,0.838536615383374,0.2,50,20,2,0.5
35,0.8467396789201515,0.2,50,20,2,0.5
36,0.8545235509434813,0.2,50,20,2,0.5
37,0.8619117360683871,0.2,50,20,2,0.5
38,0.868926104345881,0.2,50,20,2,0.5
39,0.8755869996160256,0.2,50,20,2,0.5
40,0.8819133504010891,0.2,50,20,2,0.5
41,0.8879227809118988,0.2,50,20,2,0.5
42,0.893631719998722,0.2,50,20,2,0.5
43,0.8990555062029807,0.2,50,20,2,0.5
44,0.904208487425542,0.2,50,20,2,0.5
45,0.9091041140941769,0.2,50,20,2,0.5
46,0.913755025065862,0.2,50,20,2,0.5
47,0.9181731258235383,0.2,50,20,2,0.5
48,0.922369658811655,0.2,50,20,2,0.5
49,0.9263552659948976,0.2,50,20,2,0.5
50,0.9301400439181897,0.2,50,20,2,0.5
51,0.9337335916945654,0.2,50,20,2,0.5
52,0.9371450524540116,0.2,50,20,2,0.5
53,0.9403831488554205,0.2,50,20,2,0.5
54,0.943456213300577,0.2,50,20,2,0.5
55,0.9463722134991029,0.2,50,20,2,0.5
56,0.9491387740218158,0.2,50,20,2,0.5
57,0.9517631944519984,0.2,50,20,2,0.5
58,0.954252464704071,0.2,50,20,2,0.5
59,0.9566132780309691,0.2,50,20,2,0.5
60,0.9588520421884134,0.2,50,20,2,0.5
61,0.9609748891688719,0.2,50,20,2,0.5
62,0.9629876838624799,0.2,50,20,2,0.5
63,0.9648960319481384,0.2,50,20,2,0.5
64,0.9667052872666704,0.2,50,20,2,0.5
65,0.9684205588801384,0.2,50,20,2,0.5
66,0.9700467179777965,0.2,50,20,2,0.5
67,0.9715884047499798,0.2,50,20,2,0.5
68,0.9730500353166974,0.2,50,20,2,0.5
69,0.9744358087677629,0.2,50,20,2,0.5
70,0.9757497143458593,0.2,50,20,2,0.5
71,0.9769955387828031,0.2,50,20,2,0.5
72,0.9781768737821507,0.2,50,20,2,0.5
73,0.9792971236278933,0.2,50,20,2,0.5
74,0.9803595128889516,0.2,50,20,2,0.5
75,0.9813670941821598,0.2,50,20,2,0.5
76,0.9823227559520546,0.2,50,20,2,0.5
77,0.9832292302236805,0.2,50,20,2,0.5
78,0.9840891002844503,0.2,50,20,2,0.5
79,0.9849048082525056,0.2,50,20,2,0.5
80,0.9856786624916825,0.2,50,20,2,0.5
81,0.986412844836823,0.2,50,20,2,0.5
82,0.9871094175974824,0.2,50,20,2,0.5
83,0.9877703303128534,0.2,50,20,2,0.5
84,0.9883974262357216,0.2,50,20,2,0.5
85,0.988992448528315,0.2,50,20,2,0.5
86,0.9895570461578543,0.2,50,20,2,0.5
87,0.9900927794843186,0.2,50,20,2,0.5
88,0.9906011255373268,0.2,50,20,2,0.5
89,0.9910834829830157,0.2,50,20,2,0.5
90,0.9915411767853259,0.2,50,20,2,0.5
91,0.9919754625691544,0.2,50,20,2,0.5
92,0.9923875306953931,0.2,50,20,2,0.5
93,0.992778510059939,0.2,50,20,2,0.5
94,0.9931494716303613,0.2,50,20,2,0.5
95,0.9935014317350672,0.2,50,20,2,0.5
96,0.9938353551205519,0.2,50,20,2,0.5
97,0.9941521577926931,0.2,50,20,2,0.5
98,0.9944527096581052,0.2,50,20,2,0.5
99,0.9947378369813352,0.2,50,20,2,0.5
100,0.9950083246732199,0.2,50,20,2,0.5
0,0,0.3,50,20,2,0.5
1,0.07941297965537397,0.3,50,20,2,0.5
2,0.15251685739848542,0.3,50,20,2,0.5
3,0.2198062466083609,0.3,50,20,2,0.5
4,0.2817335555500403,0.3,50,20,2,0.5
5,0.33871388168045546,0.3,50,20,2,0.5
6,0.39112931637978576,0.3,50,20,2,0.5
7,0.4393325916822701,0.3,50,20,2,0.5
8,0.48365015753100304,0.3,50,20,2,0.5
9,0.5243847998880335,0.3,50,20,2,0.5
10,0.5618178741261848,0.3,50,20,2,0.5
11,0.5962111897252806,0.3,50,20,2,0.5
12,0.62780856504313,0.3,50,20,2,0.5
13,0.6568370753616655,0.3,50,20,2,0.5
14,0.6835080334986161,0.3,50,20,2,0.5
15,0.7080177589553365,0.3,50,20,2,0.5
16,0.7305482014533852,0.3,50,20,2,0.5
17,0.7512674850717568,0.3,50,20,2,0.5
18,0.7703304309340392,0.3,50,20,2,0.5
19,0.7878791023771413,0.3,50,20,2,0.5
20,0.8040434001281751,0.3,50,20,2,0.5
21,0.8189417191323635,0.3,50,20,2,0.5
22,0.832681665315627,0.3,50,20,2,0.5
23,0.8453608207624201,0.3,50,20,2,0.5
24,0.8570675397588435,0.3,50,20,2,0.5
25,0.8678817555404461,0.3,50,20,2,0.5
26,0.8778757777203271,0.3,50,20,2,0.5
27,0.88711506246656735,0.3,50,20,2,0.5
28,0.895658940785787,0.3,50,20,2,0.5
29,0.9035612941004207,0.3,50,20,2,0.5
30,0.9108711701787675,0.3,50,20,2,0.5
31,0.9176333360401413,0.3,50,20,2,0.5
32,0.9238887675011925,0.3,50,20,2,0.5
33,0.9296750774542152,0.3,50,20,2,0.5
34,0.9350268867579294,0.3,50,20,2,0.5
35,0.9399761428164504,0.3,50,20,2,0.5
36,0.9445523915977103,0.3,50,20,2,0.5
37,0.9487830090897953,0.3,50,20,2,0.5
38,0.9526933981075267,0.3,50,20,2,0.5
39,0.9563071560323998,0.3,50,20,2,0.5
40,0.9596462185769411,0.3,50,20,2,0.5
41,0.9627309840774418,0.3,50,20,2,0.5
42,0.9655804221913497,0.3,50,20,2,0.5
43,0.9682121702491332,0.3,50,20,2,0.5
44,0.9706426199153618,0.3,50,20,2,0.5
45,0.9728869962703214,0.3,50,20,2,0.5
46,0.9749594309437324,0.3,50,20,2,0.5
47,0.9768730305215257,0.3,50,20,2,0.5
48,0.9786399411056442,0.3,50,20,2,0.5
49,0.9802714096323706,0.3,50,20,2,0.5
50,0.9817778423411665,0.3,50,20,2,0.5
51,0.9831688606264133,0.3,50,20,2,0.5
52,0.9844533543910248,0.3,50,20,2,0.5
53,0.9856395329457683,0.3,50,20,2,0.5
54,0.9867349734537069,0.3,50,20,2,0.5
55,0.9877466668984569,0.3,50,20,2,0.5
56,0.9886810615517327,0.3,50,20,2,0.5
57,0.9895441039245607,0.3,50,20,2,0.5
58,0.990341277203141,0.3,50,20,2,0.5
59,0.9910776371910256,0.3,50,20,2,0.5
60,0.9917578458012948,0.3,50,20,2,0.5
61,0.9923862021637003,0.3,50,20,2,0.5
62,0.9929666714308808,0.3,50,20,2,0.5
63,0.9935029113838605,0.3,50,20,2,0.5
64,0.9939982969496426,0.3,50,20,2,0.5
65,0.9944559427526776,0.3,50,20,2,0.5
66,0.9948787238274481,0.3,50,20,2,0.5
67,0.995269294621644,0.3,50,20,2,0.5
68,0.9956301064188218,0.3,50,20,2,0.5
69,0.995963423306497,0.3,50,20,2,0.5
70,0.996271336810799,0.3,50,20,2,0.5
71,0.9965557793125818,0.3,50,20,2,0.5
72,0.9968185363526728,0.3,50,20,2,0.5
73,0.9970612579261343,0.3,50,20,2,0.5
74,0.9972854688573408,0.3,50,20,2,0.5
75,0.9974925783396177,0.3,50,20,2,0.5
76,0.9976838887153412,0.3,50,20,2,0.5
77,0.9978606035649462,0.3,50,20,2,0.5
78,0.9980238351663191,0.3,50,20,2,0.5
79,0.9981746113796525,0.3,50,20,2,0.5
80,0.9983138820070295,0.3,50,20,2,0.5
81,0.9984425246708011,0.3,50,20,2,0.5
82,0.9985613502501974,0.3,50,20,2,0.5
83,0.9986711079115471,0.3,50,20,2,0.5
84,0.9987724897639211,0.3,50,20,2,0.5
85,0.9988661351689179,0.3,50,20,2,0.5
86,0.9989526347306179,0.3,50,20,2,0.5
87,0.9990325339894016,0.3,50,20,2,0.5
88,0.9991063368412975,0.3,50,20,2,0.5
89,0.9991745087027558,0.3,50,20,2,0.5
90,0.9992374794391949,0.3,50,20,2,0.5
91,0.9992956460742961,0.3,50,20,2,0.5
92,0.9993493752957974,0.3,50,20,2,0.5
93,0.9993990057724434,0.3,50,20,2,0.5
94,0.9994448502957403,0.3,50,20,2,0.5
95,0.9994871977592531,0.3,50,20,2,0.5
96,0.9995263149873321,0.3,50,20,2,0.5
97,0.9995624484243586,0.3,50,20,2,0.5
98,0.9995958256948637,0.3,50,20,2,0.5
99,0.99962665704417,0.3,50,20,2,0.5
100,0.9996551366685487,0.3,50,20,2,0.5
0,0,0.4,50,20,2,0.5
1,0.10587943505952158,0.4,50,20,2,0.5
2,0.2005097697511724,0.4,50,20,2,0.5
3,0.2850319719263831,0.4,50,20,2,0.5
4,0.36048490424521185,0.4,50,20,2,0.5
5,0.42781302995842907,0.4,50,20,2,0.5
6,0.48787302757597506,0.4,50,20,2,0.5
7,0.5414405531609026,0.4,50,20,2,0.5
8,0.5892168420730628,0.4,50,20,2,0.5
9,0.6318347124423991,0.4,50,20,2,0.5
10,0.6698638340700369,0.4,50,20,2,0.5
11,0.7038153918778087,0.4,50,20,2,0.5
12,0.7341463797550427,0.4,50,20,2,0.5
13,0.7612637389481428,0.4,50,20,2,0.5
14,0.7855284718595593,0.4,50,20,2,0.5
15,0.8072597709923551,0.4,50,20,2,0.5
16,0.8267391328986459,0.4,50,20,2,0.5
17,0.8442143873515484,0.4,50,20,2,0.5
18,0.8599035596757784,0.4,50,20,2,0.5
19,0.8739984913981185,0.4,50,20,2,0.5
20,0.8866681626577956,0.4,50,20,2,0.5
21,0.8980616821992707,0.4,50,20,2,0.5
22,0.9083109324736437,0.4,50,20,2,0.5
23,0.917532875653432,0.4,50,20,2,0.5
24,0.9258315400535572,0.4,50,20,2,0.5
25,0.9332997154518538,0.4,50,20,2,0.5
26,0.9400203906426374,0.4,50,20,2,0.5
27,0.9460679680559123,0.4,50,20,2,0.5
28,0.9515092893206181,0.4,50,20,2,0.5
29,0.9564045030668566,0.4,50,20,2,0.5
30,0.9608078027423083,0.4,50,20,2,0.5
31,0.9647680583013555,0.4,50,20,2,0.5
32,0.9683293617014586,0.4,50,20,2,0.5
33,0.9715315024685918,0.4,50,20,2,0.5
34,0.9744103863239255,0.4,50,20,2,0.5
35,0.9769984070679327,0.4,50,20,2,0.5
36,0.9793247796080763,0.4,50,20,2,0.5
37,0.981415840165996,0.4,50,20,2,0.5
38,0.9832953182606081,0.4,50,20,2,0.5
39,0.9849845839745909,0.4,50,20,2,0.5
40,0.9865028732105197,0.4,50,20,2,0.5
41,0.9878674930694391,0.4,50,20,2,0.5
42,0.9890940090851604,0.4,50,20,2,0.5
43,0.9901964157761161,0.4,50,20,2,0.5
44,0.9911872917956164,0.4,50,20,2,0.5
45,0.9920779408412616,0.4,50,20,2,0.5
46,0.9928785194026977,0.4,50,20,2,0.5
47,0.9935981523676843,0.4,50,20,2,0.5
48,0.9942450374584154,0.4,50,20,2,0.5
49,0.9948265394260312,0.4,50,20,2,0.5
50,0.9953492748870922,0.4,50,20,2,0.5
51,0.9958191886394127,0.4,50,20,2,0.5
52,0.996241622245487,0.4,50,20,2,0.5
53,0.9966213756201272,0.4,50,20,2,0.5
54,0.9969627623056915,0.4,50,20,2,0.5
55,0.9972696590644852,0.4,50,20,2,0.5
56,0.997545550364629,0.4,50,20,2,0.5
57,0.9977935682838645,0.4,50,20,2,0.5
58,0.9980165283062216,0.4,50,20,2,0.5
59,0.998216961439771,0.4,50,20,2,0.5
60,0.9983971430402462,0.4,50,20,2,0.5
61,0.99855911868535,0.4,50,20,2,0.5
62,0.9987047274081242,0.4,50,20,2,0.5
63,0.9988356225648105,0.4,50,20,2,0.5
64,0.998953290583016,0.4,50,20,2,0.5
65,0.9990590678095116,0.4,50,20,2,0.5
66,0.9991541556534012,0.4,50,20,2,0.5
67,0.9992396341994244,0.4,50,20,2,0.5
68,0.9993164744475592,0.4,50,20,2,0.5
69,0.9993855493185829,0.4,50,20,2,0.5
70,0.9994476435506243,0.4,50,20,2,0.5
71,0.9995034625987426,0.4,50,20,2,0.5
72,0.9995536406380284,0.4,50,20,2,0.5
73,0.9995987477604423,0.4,50,20,2,0.5
74,0.9996392964464373,0.4,50,20,2,0.5
75,0.9996757473842273,0.4,50,20,2,0.5
76,0.9997085147022275,0.4,50,20,2,0.5
77,0.9997379706736277,0.4,50,20,2,0.5
78,0.9997644499461507,0.4,50,20,2,0.5
79,0.9997882533447555,0.4,50,20,2,0.5
80,0.9998096512902649,0.4,50,20,2,0.5
81,0.9998288868726036,0.4,50,20,2,0.5
82,0.9998461786134668,0.4,50,20,2,0.5
83,0.9998617229497465,0.4,50,20,2,0.5
84,0.9998756964659062,0.4,50,20,2,0.5
85,0.9998882579006615,0.4,50,20,2,0.5
86,0.9998995499507717,0.4,50,20,2,0.5
87,0.9999097008924571,0.4,50,20,2,0.5
88,0.9999188260388795,0.4,50,20,2,0.5
89,0.999927029050269,0.4,50,20,2,0.5
90,0.9999344031116011,0.4,50,20,2,0.5
91,0.9999410319912225,0.4,50,20,2,0.5
92,0.9999469909924663,0.4,50,20,2,0.5
93,0.9999523478090813,0.4,50,20,2,0.5
94,0.9999571632942033,0.4,50,20,2,0.5
95,0.9999614921516102,0.4,50,20,2,0.5
96,0.9999653835571203,0.4,50,20,2,0.5
97,0.9999688817171938,0.4,50,20,2,0.5
98,0.9999720263710878,0.4,50,20,2,0.5
99,0.9999748532422692,0.4,50,20,2,0.5
100,0.9999773944442123,0.4,50,20,2,0.5
0,0,0.5,50,20,2,0.5
1,0.13230908739480018,0.5,50,20,2,0.5
2,0.24683554340350566,0.5,50,20,2,0.5
3,0.34591836482185245,0.5,50,20,2,0.5
4,0.43162891599358777,0.5,50,20,2,0.5
5,0.5057806793217658,0.5,50,20,2,0.5
6,0.569954476144348,0.5,50,20,2,0.5
7,0.625524532071234,0.5,50,20,2,0.5
8,0.6736817933066269,0.5,50,20,2,0.5
9,0.7154546778755471,0.5,50,20,2,0.5
10,0.7517280619871693,0.5,50,20,2,0.5
11,0.7832609715567437,0.5,50,20,2,0.5
12,0.8107030644190427,0.5,50,20,2,0.5
13,0.8346097851258831,0.5,50,20,2,0.5
14,0.8554560371512197,0.5,50,20,2,0.5
15,0.8736482737772854,0.5,50,20,2,0.5
16,0.8895349962630096,0.5,50,20,2,0.5
17,0.9034157287994754,0.5,50,20,2,0.5
18,0.9155485981457305,0.5,50,20,2,0.5
19,0.9261566788370136,0.5,50,20,2,0.5
20,0.9354332761537109,0.5,50,20,2,0.5
21,0.9435463145903312,0.5,50,20,2,0.5
22,0.9506419852743778,0.5,50,20,2,0.5
23,0.956847786491373,0.5,50,20,2,0.5
24,0.9622750706740921,0.5,50,20,2,0.5
25,0.9670211911774707,0.5,50,20,2,0.5
26,0.9711713241669643,0.5,50,20,2,0.5
27,0.9748000255668341,0.5,50,20,2,0.5
28,0.9779725703451096,0.5,50,20,2,0.5
29,0.9807461112728644,0.5,50,20,2,0.5
30,0.9831706863633725,0.5,50,20,2,0.5
31,0.9852900980978763,0.5,50,20,2,0.5
32,0.9871426829119412,0.5,50,20,2,0.5
33,0.9887619859203998,0.5,50,20,2,0.5
34,0.9901773532218705,0.5,50,20,2,0.5
35,0.9914144521220664,0.5,50,20,2,0.5
36,0.9924957280751151,0.5,50,20,2,0.5
37,0.9934408059337738,0.5,50,20,2,0.5
38,0.9942668421279709,0.5,50,20,2,0.5
39,0.9949888335893945,0.5,50,20,2,0.5
40,0.9956198885614574,0.5,50,20,2,0.5
41,0.9961714638475605,0.5,50,20,2,0.5
42,0.9966535725353352,0.5,50,20,2,0.5
43,0.9970749657767974,0.5,50,20,2,0.5
44,0.997443291795058,0.5,50,20,2,0.5
45,0.997765234921268,0.5,50,20,2,0.5
46,0.9980466371364517,0.5,50,20,2,0.5
47,0.9982926042983248,0.5,50,20,2,0.5
48,0.9985075989702612,0.5,50,20,2,0.5
49,0.9986955215355681,0.5,50,20,2,0.5
50,0.9988597810726985,0.5,50,20,2,0.5
51,0.999003357283549,0.5,50,20,2,0.5
52,0.9991288546052558,0.5,50,20,2,0.5
53,0.9992385494936915,0.5,50,20,2,0.5
54,0.9993344317421055,0.5,50,20,2,0.5
55,0.9994182405890708,0.5,50,20,2,0.5
56,0.9994914962743314,0.5,50,20,2,0.5
57,0.9995555276176272,0.5,50,20,2,0.5
58,0.9996114961226582,0.5,50,20,2,0.5
59,0.9996604170446994,0.5,50,20,2,0.5
60,0.9997031778048422,0.5,50,20,2,0.5
61,0.9997405540853718,0.5,50,20,2,0.5
62,0.9997732238985015,0.5,50,20,2,0.5
63,0.9998017798837723,0.5,50,20,2,0.5
64,0.9998267400572023,0.5,50,20,2,0.5
65,0.9998485572071412,0.5,50,20,2,0.5
66,0.9998676271072059,0.5,50,20,2,0.5
67,0.9998842956952164,0.5,50,20,2,0.5
68,0.999898865348294,0.5,50,20,2,0.5
69,0.9999116003678976,0.5,50,20,2,0.5
70,0.999922731774256,0.5,50,20,2,0.5
71,0.9999324614971289,0.5,50,20,2,0.5
72,0.9999409660388986,0.5,50,20,2,0.5
73,0.9999483996764187,0.5,50,20,2,0.5
74,0.9999548972596943,0.5,50,20,2,0.5
75,0.9999605766581526,0.5,50,20,2,0.5
76,0.9999655408988773,0.5,50,20,2,0.5
77,0.9999698800355928,0.5,50,20,2,0.5
78,0.9999736727823003,0.5,50,20,2,0.5
79,0.9999769879412022,0.5,50,20,2,0.5
80,0.9999798856508179,0.5,50,20,2,0.5
81,0.9999824184769324,0.5,50,20,2,0.5
82,0.9999846323661702,0.5,50,20,2,0.5
83,0.9999865674794914,0.5,50,20,2,0.5
84,0.9999882589207325,0.5,50,20,2,0.5
85,0.9999897373734075,0.5,50,20,2,0.5
86,0.9999910296573211,0.5,50,20,2,0.5
87,0.9999921592150929,0.5,50,20,2,0.5
88,0.9999931465374168,0.5,50,20,2,0.5
89,0.9999940095347716,0.5,50,20,2,0.5
90,0.9999947638623251,0.5,50,20,2,0.5
91,0.9999954232039255,0.5,50,20,2,0.5
92,0.9999959995203327,0.5,50,20,2,0.5
93,0.9999965032661918,0.5,50,20,2,0.5
94,0.9999969435796849,0.5,50,20,2,0.5
95,0.9999973284483019,0.5,50,20,2,0.5
96,0.9999976648537373,0.5,50,20,2,0.5
97,0.9999979588985409,0.5,50,20,2,0.5
98,0.9999982159168216,0.5,50,20,2,0.5
99,0.9999984405710094,0.5,50,20,2,0.5
100,0.9999986369364353,0.5,50,20,2,0.5
0,0,0.6,50,20,2,0.5
1,0.15855115033531875,0.6,50,20,2,0.5
2,0.2910364953675485,0.6,50,20,2,0.5
3,0.40202795313963613,0.6,50,20,2,0.5
4,0.4951726289798011,0.6,50,20,2,0.5
5,0.5734458475444175,0.6,50,20,2,0.5
6,0.639303187045668,0.6,50,20,2,0.5
7,0.694780791016325,0.6,50,20,2,0.5
8,0.7415694762750862,0.6,50,20,2,0.5
9,0.7810740189872689,0.6,50,20,2,0.5
10,0.8144623305905097,0.6,50,20,2,0.5
11,0.8427065785972699,0.6,50,20,2,0.5
12,0.8666174236272421,0.6,50,20,2,0.5
13,0.8868723094414455,0.6,50,20,2,0.5
14,0.9040386825581114,0.6,50,20,2,0.5
15,0.9185929680685307,0.6,50,20,2,0.5
16,0.9309360516681888,0.6,50,20,2,0.5
17,0.9414059203959884,0.6,50,20,2,0.5
18,0.9502880103620625,0.6,50,20,2,0.5
19,0.9578237103306044,0.6,50,20,2,0.5
20,0.9642173820001035,0.6,50,20,2,0.5
21,0.9696421837370919,0.6,50,20,2,0.5
22,0.9742449243158624,0.6,50,20,2,0.5
23,0.9781501254599956,0.6,50,20,2,0.5
24,0.9814634346896237,0.6,50,20,2,0.5
25,0.9842745011158291,0.6,50,20,2,0.5
26,0.98665940455383,0.6,50,20,2,0.5
27,0.98868271111109,0.6,50,20,2,0.5
28,0.9903992150175078,0.6,50,20,2,0.5
29,0.9918554159554256,0.6,50,20,2,0.5
30,0.9930907728042471,0.6,50,20,2,0.5
31,0.9941387680097694,0.6,50,20,2,0.5
32,0.9950278113344978,0.6,50,20,2,0.5
33,0.9957820072591114,0.6,50,20,2,0.5
34,0.9964218065795069,0.6,50,20,2,0.5
35,0.9969645596252549,0.6,50,20,2,0.5
36,0.9974249858991353,0.6,50,20,2,0.5
37,0.9978155727161868,0.6,50,20,2,0.5
38,0.9981469135363311,0.6,50,20,2,0.5
39,0.998427995083004,0.6,50,20,2,0.5
40,0.9986664409774781,0.6,50,20,2,0.5
41,0.9988687184585615,0.6,50,20,2,0.5
42,0.9990403137698807,0.6,50,20,2,0.5
43,0.999185880956557,0.6,50,20,2,0.5
44,0.999309368098092,0.6,50,20,2,0.5
45,0.9994141243962601,0.6,50,20,2,0.5
46,0.9995029910199794,0.6,50,20,2,0.5
47,0.9995783781700012,0.6,50,20,2,0.5
48,0.9996423304532855,0.6,50,20,2,0.5
49,0.9996965823402497,0.6,50,20,2,0.5
50,0.9997426052092624,0.6,50,20,2,0.5
51,0.9997816472546167,0.6,50,20,2,0.5
52,0.9998147673406382,0.6,50,20,2,0.5
53,0.9998428637203379,0.6,50,20,2,0.5
54,0.999866698397688,0.6,50,20,2,0.5
55,0.9998869177943939,0.6,50,20,2,0.5
56,0.99990407028177,0.6,50,20,2,0.5
57,0.9999186210532734,0.6,50,20,2,0.5
58,0.9999309647410988,0.6,50,20,2,0.5
59,0.99994143611904,0.6,50,20,2,0.5
60,0.9999503191819105,0.6,50,20,2,0.5
61,0.9999578548477756,0.6,50,20,2,0.5
62,0.9999642474918948,0.6,50,20,2,0.5
63,0.9999696704895858,0.6,50,20,2,0.5
64,0.9999742709183386,0.6,50,20,2,0.5
65,0.9999781735467062,0.6,50,20,2,0.5
66,0.9999814842181566,0.6,50,20,2,0.5
67,0.9999842927216566,0.6,50,20,2,0.5
68,0.9999866752268418,0.6,50,20,2,0.5
69,0.999988696349818,0.6,50,20,2,0.5
70,0.9999904109056175,0.6,50,20,2,0.5
71,0.9999918653948411,0.6,50,20,2,0.5
72,0.9999930992648045,0.6,50,20,2,0.5
73,0.9999941459793913,0.6,50,20,2,0.5
74,0.9999950339266295,0.6,50,20,2,0.5
75,0.9999957871886055,0.6,50,20,2,0.5
76,0.9999964261945962,0.6,50,20,2,0.5
77,0.9999969682751328,0.6,50,20,2,0.5
78,0.9999974281320239,0.6,50,20,2,0.5
79,0.999997818237084,0.6,50,20,2,0.5
80,0.9999981491703827,0.6,50,20,2,0.5
81,0.9999984299071878,0.6,50,20,2,0.5
82,0.9999986680613839,0.6,50,20,2,0.5
83,0.9999988700919696,0.6,50,20,2,0.5
84,0.999999041478232,0.6,50,20,2,0.5
85,0.9999991868683513,0.6,50,20,2,0.5
86,0.999999310205464,0.6,50,20,2,0.5
87,0.9999994148346056,0.6,50,20,2,0.5
88,0.9999995035934313,0.6,50,20,2,0.5
89,0.9999995788891758,0.6,50,20,2,0.5
90,0.999999642763941,0.6,50,20,2,0.5
91,0.9999996969500795,0.6,50,20,2,0.5
92,0.9999997429171775,0.6,50,20,2,0.5
93,0.9999997819119124,0.6,50,20,2,0.5
94,0.9999998149918633,0.6,50,20,2,0.5
95,0.9999998430541942,0.6,50,20,2,0.5
96,0.9999998668599858,0.6,50,20,2,0.5
97,0.9999998870548767,0.6,50,20,2,0.5
98,0.9999999041865741,0.6,50,20,2,0.5
99,0.9999999187197083,0.6,50,20,2,0.5
100,0.9999999310484333,0.6,50,20,2,0.5
0,0,0.7,50,20,2,0.5
1,0.18396422455728922,0.7,50,20,2,0.5
2,0.3333694050945215,0.7,50,20,2,0.5
3,0.4548474023363924,0.7,50,20,2,0.5
4,0.5537269894658676,0.7,50,20,2,0.5
5,0.6343159690293141,0.7,50,20,2,0.5
6,0.7000905083224405,0.7,50,20,2,0.5
7,0.7538496299992397,0.7,50,20,2,0.5
8,0.7978458475731741,0.7,50,20,2,0.5
9,0.8338937417437288,0.7,50,20,2,0.5
10,0.863458171947803,0.7,50,20,2,0.5
11,0.8877247788867059,0.7,50,20,2,0.5
12,0.9076558316395561,0.7,50,20,2,0.5
13,0.9240343308653908,0.7,50,20,2,0.5
14,0.9374988715839667,0.7,50,20,2,0.5
15,0.9485712956856879,0.7,50,20,2,0.5
16,0.9576787273201077,0.7,50,20,2,0.5
17,0.9651712205236894,0.7,50,20,2,0.5
18,0.9713359616452202,0.7,50,20,2,0.5
19,0.9764087494982866,0.7,50,20,2,0.5
20,0.9805833103043876,0.7,50,20,2,0.5
21,0.9840188797375438,0.7,50,20,2,0.5
22,0.986846390322187,0.7,50,20,2,0.5
23,0.9891735310470693,0.7,50,20,2,0.5
24,0.9910888913818955,0.7,50,20,2,0.5
25,0.9926653595817454,0.7,50,20,2,0.5
26,0.9939629121021839,0.7,50,20,2,0.5
27,0.9950309048601924,0.7,50,20,2,0.5
28,0.9959099563165853,0.7,50,20,2,0.5
29,0.9966334957163353,0.7,50,20,2,0.5
30,0.9972290364064403,0.7,50,20,2,0.5
31,0.9977192232802078,0.7,50,20,2,0.5
32,0.9981226945552742,0.7,50,20,2,0.5
33,0.9984547908801511,0.7,50,20,2,0.5
34,0.9987281388670368,0.7,50,20,2,0.5
35,0.9989531313187715,0.7,50,20,2,0.5
36,0.9991383224568666,0.7,50,20,2,0.5
37,0.9992907532060248,0.7,50,20,2,0.5
38,0.9994162189194968,0.7,50,20,2,0.5
39,0.9995194897342042,0.7,50,20,2,0.5
40,0.9996044919393899,0.7,50,20,2,0.5
41,0.9996744572578427,0.7,50,20,2,0.5
42,0.9997320457173369,0.7,50,20,2,0.5
43,0.999779446784988,0.7,50,20,2,0.5
44,0.9998184626102856,0.7,50,20,2,0.5
45,0.9998505765420568,0.7,50,20,2,0.5
46,0.9998770095245619,0.7,50,20,2,0.5
47,0.999898766516998,0.7,50,20,2,0.5
48,0.9999166747013231,0.7,50,20,2,0.5
49,0.9999314149310785,0.7,50,20,2,0.5
50,0.9999435476168937,0.7,50,20,2,0.5
51,0.9999535340328362,0.7,50,20,2,0.5
52,0.9999617538536613,0.7,50,20,2,0.5
53,0.9999685195897233,0.7,50,20,2,0.5
54,0.9999740884683486,0.7,50,20,2,0.5
55,0.9999786722133948,0.7,50,20,2,0.5
56,0.9999824450948077,0.7,50,20,2,0.5
57,0.999985550554212,0.7,50,20,2,0.5
58,0.9999881066584351,0.7,50,20,2,0.5
59,0.999990210588305,0.7,50,20,2,0.5
60,0.9999919423333792,0.7,50,20,2,0.5
61,0.9999933677330777,0.7,50,20,2,0.5
62,0.9999945409798396,0.7,50,20,2,0.5
63,0.9999955066794716,0.7,50,20,2,0.5
64,0.9999963015470217,0.7,50,20,2,0.5
65,0.9999969558026527,0.7,50,20,2,0.5
66,0.9999974943205866,0.7,50,20,2,0.5
67,0.9999979375748,0.7,50,20,2,0.5
68,0.999998302417427,0.7,50,20,2,0.5
69,0.9999986027194625,0.7,50,20,2,0.5
70,0.9999988498981248,0.7,50,20,2,0.5
71,0.9999990533509286,0.7,50,20,2,0.5
72,0.99999922081297,0.7,50,20,2,0.5
73,0.999999358651008,0.7,50,20,2,0.5
74,0.9999994721055231,0.7,50,20,2,0.5
75,0.999999565489956,0.7,50,20,2,0.5
76,0.9999996423547005,0.7,50,20,2,0.5
77,0.9999997056220862,0.7,50,20,2,0.5
78,0.9999997576974834,0.7,50,20,2,0.5
79,0.9999998005607527,0.7,50,20,2,0.5
80,0.9999998358415177,0.7,50,20,2,0.5
81,0.9999998648811221,0.7,50,20,2,0.5
82,0.999999888783626,0.7,50,20,2,0.5
83,0.9999999084577815,0.7,50,20,2,0.5
84,0.9999999246515826,0.7,50,20,2,0.5
85,0.9999999379807033,0.7,50,20,2,0.5
86,0.9999999489519051,0.7,50,20,2,0.5
87,0.9999999579823035,0.7,50,20,2,0.5
88,0.9999999654152261,0.7,50,20,2,0.5
89,0.999999971533266,0.7,50,20,2,0.5
90,0.9999999765690258,0.7,50,20,2,0.5
91,0.9999999807139607,0.7,50,20,2,0.5
92,0.9999999841256574,0.7,50,20,2,0.5
93,0.9999999869338256,0.7,50,20,2,0.5
94,0.9999999892452294,0.7,50,20,2,0.5
95,0.9999999911477463,0.7,50,20,2,0.5
96,0.9999999927137083,0.7,50,20,2,0.5
97,0.9999999940026519,0.7,50,20,2,0.5
98,0.9999999950635816,0.7,50,20,2,0.5
99,0.9999999959368331,0.7,50,20,2,0.5
100,0.9999999966556066,0.7,50,20,2,0.5
0,0,0.8,50,20,2,0.5
1,0.20502275235837886,0.8,50,20,2,0.5
2,0.3694964825138255,0.8,50,20,2,0.5
3,0.5006498269994684,0.8,50,20,2,0.5
4,0.6048738310677219,0.8,50,20,2,0.5
5,0.6875286768783061,0.8,50,20,2,0.5
6,0.7529944460355962,0.8,50,20,2,0.5
7,0.8048021724558893,0.8,50,20,2,0.5
8,0.8457774065780393,0.8,50,20,2,0.5
9,0.8781714914997729,0.8,50,20,2,0.5
10,0.9037735246112183,0.8,50,20,2,0.5
11,0.9240028134812612,0.8,50,20,2,0.5
12,0.9399839679388006,0.8,50,20,2,0.5
13,0.9526073268089911,0.8,50,20,2,0.5
14,0.9625773125463735,0.8,50,20,2,0.5
15,0.9704509861716669,0.8,50,20,2,0.5
16,0.9766687127353446,0.8,50,20,2,0.5
17,0.9815785086935541,0.8,50,20,2,0.5
18,0.9854553477587096,0.8,50,20,2,0.5
19,0.9885164541358761,0.8,50,20,2,0.5
20,0.9909334080661145,0.8,50,20,2,0.5
21,0.9928417225816709,0.8,50,20,2,0.5
22,0.9943484163367589,0.8,50,20,2,0.5
23,0.9955379997516941,0.8,50,20,2,0.5
24,0.9964772056378249,0.8,50,20,2,0.5
25,0.9972187268434741,0.8,50,20,2,0.5
26,0.9978041688647632,0.8,50,20,2,0.5
27,0.998266382005519,0.8,50,20,2,0.5
28,0.99863130328016,0.8,50,20,2,0.5
29,0.9989194110049036,0.8,50,20,2,0.5
30,0.999146873449738,0.8,50,20,2,0.5
31,0.9993264558546728,0.8,50,20,2,0.5
32,0.9994682366149105,0.8,50,20,2,0.5
33,0.9995801727680652,0.8,50,20,2,0.5
34,0.9996685464826432,0.8,50,20,2,0.5
35,0.9997383175830222,0.8,50,20,2,0.5
36,0.999793401881624,0.8,50,20,2,0.5
37,0.9998368909305589,0.8,50,20,2,0.5
38,0.9998712255206784,0.8,50,20,2,0.5
39,0.9998983326622018,0.8,50,20,2,0.5
40,0.9999197337328176,0.8,50,20,2,0.5
41,0.9999366298617515,0.8,50,20,2,0.5
42,0.9999499693411743,0.8,50,20,2,0.5
43,0.9999605008479141,0.8,50,20,2,0.5
44,0.9999688154622343,0.8,50,20,2,0.5
45,0.9999753798417964,0.8,50,20,2,0.5
46,0.9999805624125775,0.8,50,20,2,0.5
47,0.9999846540466413,0.8,50,20,2,0.5
48,0.9999878843872558,0.8,50,20,2,0.5
49,0.9999904347375841,0.8,50,20,2,0.5
50,0.9999924482363047,0.8,50,20,2,0.5
51,0.9999940378912644,0.8,50,20,2,0.5
52,0.9999952929220428,0.8,50,20,2,0.5
53,0.9999962837674041,0.8,50,20,2,0.5
54,0.9999970660386769,0.8,50,20,2,0.5
55,0.9999976836409437,0.8,50,20,2,0.5
56,0.9999981712372188,0.8,50,20,2,0.5
57,0.9999985561939126,0.8,50,20,2,0.5
58,0.9999988601167755,0.8,50,20,2,0.5
59,0.9999991000635224,0.8,50,20,2,0.5
60,0.9999992895012,0.8,50,20,2,0.5
61,0.9999994390620258,0.8,50,20,2,0.5
62,0.9999995571401236,0.8,50,20,2,0.5
63,0.9999996503626442,0.8,50,20,2,0.5
64,0.9999997239617155,0.8,50,20,2,0.5
65,0.9999997820680965,0.8,50,20,2,0.5
66,0.9999998279430165,0.8,50,20,2,0.5
67,0.9999998641612123,0.8,50,20,2,0.5
68,0.9999998927554357,0.8,50,20,2,0.5
69,0.9999999153305417,0.8,50,20,2,0.5
70,0.9999999331535614,0.8,50,20,2,0.5
71,0.9999999472248148,0.8,50,20,2,0.5
72,0.9999999583340529,0.8,50,20,2,0.5
73,0.9999999671047833,0.8,50,20,2,0.5
74,0.9999999740292649,0.8,50,20,2,0.5
75,0.999999979496135,0.8,50,20,2,0.5
76,0.9999999838122224,0.8,50,20,2,0.5
77,0.9999999872197686,0.8,50,20,2,0.5
78,0.9999999899100221,0.8,50,20,2,0.5
79,0.9999999920339743,0.8,50,20,2,0.5
80,0.999999993710832,0.8,50,20,2,0.5
81,0.9999999950347092,0.8,50,20,2,0.5
82,0.9999999960799087,0.8,50,20,2,0.5
83,0.9999999969050924,0.8,50,20,2,0.5
84,0.9999999975565741,0.8,50,20,2,0.5
85,0.9999999980709181,0.8,50,20,2,0.5
86,0.9999999984769922,0.8,50,20,2,0.5
87,0.999999998797587,0.8,50,20,2,0.5
88,0.9999999990506964,0.8,50,20,2,0.5
89,0.9999999992505259,0.8,50,20,2,0.5
90,0.9999999994082911,0.8,50,20,2,0.5
91,0.9999999995328465,0.8,50,20,2,0.5
92,0.9999999996311828,0.8,50,20,2,0.5
93,0.9999999997088193,0.8,50,20,2,0.5
94,0.9999999997701132,0.8,50,20,2,0.5
95,0.9999999998185046,0.8,50,20,2,0.5
96,0.9999999998567096,0.8,50,20,2,0.5
97,0.9999999998868724,0.8,50,20,2,0.5
98,0.9999999999106859,0.8,50,20,2,0.5
99,0.9999999999294866,0.8,50,20,2,0.5
100,0.9999999999443298,0.8,50,20,2,0.5
0,0,0.9,50,20,2,0.5
1,0.22297774588017416,0.9,50,20,2,0.5
2,0.3971112409145412,0.9,50,20,2,0.5
3,0.532537467698095,0.9,50,20,2,0.5
4,0.6376639411266314,0.9,50,20,2,0.5
5,0.7191972300002187,0.9,50,20,2,0.5
6,0.782404016677557,0.9,50,20,2,0.5
7,0.8313920894191962,0.9,50,20,2,0.5
8,0.8693551535228417,0.9,50,20,2,0.5
9,0.898772323189601,0.9,50,20,2,0.5
10,0.9215664319561775,0.9,50,20,2,0.5
11,0.9392281916579399,0.9,50,20,2,0.5
12,0.9529130170143052,0.9,50,20,2,0.5
13,0.9635163152998226,0.9,50,20,2,0.5
14,0.971731940011507,0.9,50,20,2,0.5
15,0.9780975343768071,0.9,50,20,2,0.5
16,0.9830296879511206,0.9,50,20,2,0.5
17,0.9868511872464834,0.9,50,20,2,0.5
18,0.9898121348164313,0.9,50,20,2,0.5
19,0.9921063148559268,0.9,50,20,2,0.5
20,0.9938838745127846,0.9,50,20,2,0.5
21,0.9952611500032666,0.9,50,20,2,0.5
22,0.996328280227991,0.9,50,20,2,0.5
23,0.9971551059968972,0.9,50,20,2,0.5
24,0.997795740868284,0.9,50,20,2,0.5
25,0.9982921127128812,0.9,50,20,2,0.5
26,0.9986767077713848,0.9,50,20,2,0.5
27,0.9989746967887454,0.9,50,20,2,0.5
28,0.9992055823714279,0.9,50,20,2,0.5
29,0.9993844753811773,0.9,50,20,2,0.5
30,0.9995230839011584,0.9,50,20,2,0.5
31,0.9996304794993723,0.9,50,20,2,0.5
32,0.9997136909391354,0.9,50,20,2,0.5
33,0.9997781641933559,0.9,50,20,2,0.5
34,0.9998281188693117,0.9,50,20,2,0.5
35,0.9998668243709931,0.9,50,20,2,0.5
36,0.9998968138731102,0.9,50,20,2,0.5
37,0.9999200501108061,0.9,50,20,2,0.5
38,0.9999380538355808,0.9,50,20,2,0.5
39,0.9999520033445334,0.9,50,20,2,0.5
40,0.9999628115968505,0.9,50,20,2,0.5
41,0.9999711859646186,0.9,50,20,2,0.5
42,0.9999776745284915,0.9,50,20,2,0.5
43,0.9999827019481485,0.9,50,20,2,0.5
44,0.9999865972551693,0.9,50,20,2,0.5
45,0.9999896153872967,0.9,50,20,2,0.5
46,0.9999919538734521,0.9,50,20,2,0.5
47,0.9999937657614901,0.9,50,20,2,0.5
48,0.9999951696347844,0.9,50,20,2,0.5
49,0.9999962573732013,0.9,50,20,2,0.5
50,0.9999971001663996,0.9,50,20,2,0.5
51,0.9999977531730087,0.9,50,20,2,0.5
52,0.9999982591306176,0.9,50,20,2,0.5
53,0.9999986511528398,0.9,50,20,2,0.5
54,0.9999989548965132,0.9,50,20,2,0.5
55,0.9999991902408737,0.9,50,20,2,0.5
56,0.9999993725885992,0.9,50,20,2,0.5
57,0.9999995138738754,0.9,50,20,2,0.5
58,0.9999996233434574,0.9,50,20,2,0.5
59,0.9999997081618455,0.9,50,20,2,0.5
60,0.9999997738801831,0.9,50,20,2,0.5
61,0.9999998247995652,0.9,50,20,2,0.5
62,0.999999864252533,0.9,50,20,2,0.5
63,0.9999998948211812,0.9,50,20,2,0.5
64,0.9999999185061484,0.9,50,20,2,0.5
65,0.9999999368575544,0.9,50,20,2,0.5
66,0.999999951076451,0.9,50,20,2,0.5
67,0.9999999620934283,0.9,50,20,2,0.5
68,0.9999999706295187,0.9,50,20,2,0.5
69,0.9999999772433873,0.9,50,20,2,0.5
70,0.9999999823678947,0.9,50,20,2,0.5
71,0.9999999863384263,0.9,50,20,2,0.5
72,0.9999999894148436,0.9,50,20,2,0.5
73,0.9999999917984896,0.9,50,20,2,0.5
74,0.9999999936453682,0.9,50,20,2,0.5
75,0.9999999950763526,0.9,50,20,2,0.5
76,0.9999999961850969,0.9,50,20,2,0.5
77,0.9999999970441659,0.9,50,20,2,0.5
78,0.9999999977097831,0.9,50,20,2,0.5
79,0.9999999982255116,0.9,50,20,2,0.5
80,0.9999999986251044,0.9,50,20,2,0.5
81,0.9999999989347139,0.9,50,20,2,0.5
82,0.9999999991746031,0.9,50,20,2,0.5
83,0.9999999993604722,0.9,50,20,2,0.5
84,0.999999999504486,0.9,50,20,2,0.5
85,0.9999999996160696,0.9,50,20,2,0.5
86,0.999999999702526,0.9,50,20,2,0.5
87,0.9999999997695135,0.9,50,20,2,0.5
88,0.9999999998214162,0.9,50,20,2,0.5
89,0.999999999861631,0.9,50,20,2,0.5
90,0.99999999989279,0.9,50,20,2,0.5
91,0.9999999999169323,0.9,50,20,2,0.5
92,0.9999999999356382,0.9,50,20,2,0.5
93,0.9999999999501317,0.9,50,20,2,0.5
94,0.9999999999613614,0.9,50,20,2,0.5
95,0.9999999999700623,0.9,50,20,2,0.5
96,0.9999999999768039,0.9,50,20,2,0.5
97,0.9999999999820274,0.9,50,20,2,0.5
98,0.9999999999860746,0.9,50,20,2,0.5
99,0.9999999999892104,0.9,50,20,2,0.5
100,0.9999999999916401,0.9,50,20,2,0.5
0,0,1,50,20,2,0.5
1,0.3711369665177322,1,50,20,2,0.5
2,0.6045312851194802,1,50,20,2,0.5
3,0.7513043443129022,1,50,20,2,0.5
4,0.8436044955507501,1,50,20,2,0.5
5,0.9016486486490551,1,50,20,2,0.5
6,0.9381504708423645,1,50,20,2,0.5
7,0.9611051174744794,1,50,20,2,0.5
8,0.9755404461880647,1,50,20,2,0.5
9,0.9846182907922035,1,50,20,2,0.5
10,0.990327011687443,1,50,20,2,0.5
11,0.9939170152269269,1,50,20,2,0.5
12,0.9961746357429788,1,50,20,2,0.5
13,0.9975943698291551,1,50,20,2,0.5
14,0.9984871881133259,1,50,20,2,0.5
15,0.9990486485278581,1,50,20,2,0.5
16,0.999401730227321,1,50,20,2,0.5
17,0.9996237702559123,1,50,20,2,0.5
18,0.9997634030218467,1,50,20,2,0.5
19,0.9998512129066058,1,50,20,2,0.5
20,0.9999064332971052,1,50,20,2,0.5
21,0.9999411593593847,1,50,20,2,0.5
22,0.9999629972962506,1,50,20,2,0.5
23,0.999976730367473,1,50,20,2,0.5
24,0.9999853665883011,1,50,20,2,0.5
25,0.9999907975883289,1,50,20,2,0.5
26,0.9999942129434811,1,50,20,2,0.5
27,0.9999963607340826,1,50,20,2,0.5
28,0.9999977114001956,1,50,20,2,0.5
29,0.9999985607841846,1,50,20,2,0.5
30,0.9999990949303764,1,50,20,2,0.5
31,0.9999994308351711,1,50,20,2,0.5
32,0.9999996420732791,1,50,20,2,0.5
33,0.9999997749131165,1,50,20,2,0.5
34,0.9999998584511797,1,50,20,2,0.5
35,0.9999999109851795,1,50,20,2,0.5
36,0.99999994402187,1,50,20,2,0.5
37,0.9999999647974234,1,50,20,2,0.5
38,0.9999999778624008,1,50,20,2,0.5
39,0.9999999860784823,1,50,20,2,0.5
40,0.9999999912452721,1,50,20,2,0.5
41,0.9999999944944753,1,50,20,2,0.5
42,0.999999996537779,1,50,20,2,0.5
43,0.9999999978227372,1,50,20,2,0.5
44,0.9999999986307999,1,50,20,2,0.5
45,0.9999999991389606,1,50,20,2,0.5
46,0.9999999994585242,1,50,20,2,0.5
47,0.9999999996594859,1,50,20,2,0.5
48,0.9999999997858633,1,50,20,2,0.5
49,0.9999999998653373,1,50,20,2,0.5
50,0.9999999999153156,1,50,20,2,0.5
51,0.9999999999467452,1,50,20,2,0.5
52,0.99999999996651,1,50,20,2,0.5
53,0.9999999999789394,1,50,20,2,0.5
54,0.9999999999867557,1,50,20,2,0.5
55,0.9999999999916712,1,50,20,2,0.5
56,0.9999999999947623,1,50,20,2,0.5
57,0.9999999999967062,1,50,20,2,0.5
58,0.9999999999979287,1,50,20,2,0.5
59,0.9999999999986974,1,50,20,2,0.5
60,0.9999999999991809,1,50,20,2,0.5
61,0.9999999999994849,1,50,20,2,0.5
62,0.999999999999676,1,50,20,2,0.5
63,0.9999999999997963,1,50,20,2,0.5
64,0.9999999999998719,1,50,20,2,0.5
65,0.9999999999999194,1,50,20,2,0.5
66,0.9999999999999494,1,50,20,2,0.5
67,0.9999999999999681,1,50,20,2,0.5
68,0.99999999999998,1,50,20,2,0.5
69,0.9999999999999875,1,50,20,2,0.5
70,0.9999999999999921,1,50,20,2,0.5
71,0.999999999999995,1,50,20,2,0.5
72,0.9999999999999969,1,50,20,2,0.5
73,0.999999999999998,1,50,20,2,0.5
74,0.9999999999999988,1,50,20,2,0.5
75,0.9999999999999992,1,50,20,2,0.5
76,0.9999999999999996,1,50,20,2,0.5
77,0.9999999999999997,1,50,20,2,0.5
78,0.9999999999999998,1,50,20,2,0.5
79,0.9999999999999999,1,50,20,2,0.5
80,0.9999999999999999,1,50,20,2,0.5
81,1,1,50,20,2,0.5
82,1,1,50,20,2,0.5
83,1,1,50,20,2,0.5
84,1,1,50,20,2,0.5
85,1,1,50,20,2,0.5
86,1,1,50,20,2,0.5
87,1,1,50,20,2,0.5
88,1,1,50,20,2,0.5
89,1,1,50,20,2,0.5
90,1,1,50,20,2,0.5
91,1,1,50,20,2,0.5
92,1,1,50,20,2,0.5
93,1,1,50,20,2,0.5
94,1,1,50,20,2,0.5
95,1,1,50,20,2,0.5
96,1,1,50,20,2,0.5
97,1,1,50,20,2,0.5
98,1,1,50,20,2,0.5
99,1,1,50,20,2,0.5
100,1,1,50,20,2,0.5
